Date,Close,Volume,Capital Gains,RSI,MFI,EMA,SO,MACD,Next Day Price
2019-04-01,41636.3984375,360250,0.0,41.251182940308915,38.12552745261988,41361.02339334765,64.00308691310408,41798.701160753466,41818.19921875
2019-04-02,41818.19921875,1489928,0.0,47.43624631337497,50.618780779784274,41421.98017006796,72.00242002987224,41760.968851038415,42909.1015625
2019-04-03,42909.1015625,1137510,0.0,59.4053753267262,53.08402374753039,41620.26302239223,100.0,41864.40502897288,43454.5
2019-04-04,43454.5,1887743,0.0,66.6660035695842,65.6324495603216,41864.827952739935,89.99836720312638,41894.04217745358,43454.5
2019-04-05,43454.5,676720,0.0,65.38405603096379,64.47635244668056,42076.78422570795,89.99836720312638,41857.41186846324,43454.5
2019-04-08,43454.5,497926,0.0,72.33899780222995,71.83463988943521,42260.479662280224,89.99836720312638,41843.69504511606,43000.0
2019-04-09,43000.0,1112848,0.0,68.68669156830865,70.0610616208846,42359.0823739762,72.0933439522588,41783.808305593644,42636.3984375
2019-04-10,42636.3984375,804210,0.0,68.00060500746807,70.5101654411111,42396.05784911271,62.79192468690324,41759.6326191881,42727.30078125
2019-04-11,42727.30078125,395901,0.0,69.30818680360265,76.27055467591018,42440.22357339768,65.11732946681869,41818.90252343525,43818.19921875
2019-04-12,43818.19921875,962599,0.0,83.92980598429305,82.81331504914003,42623.953659444654,92.50084325364854,42043.55253853971,43818.19921875
2019-04-15,43818.19921875,0,0.0,82.85837290654828,82.17242351939393,42783.186400685365,92.00083874833997,42115.75103253304,43545.5
2019-04-16,43545.5,997700,0.0,77.35988415836447,73.76145400499111,42884.828213927314,84.00167749667995,42164.892989045984,44090.8984375
2019-04-17,44090.8984375,2155483,0.0,79.13141799789554,77.47401108660141,43045.637577070345,76.19030568034056,42350.92995248569,44090.8984375
2019-04-18,44090.8984375,1073523,0.0,77.77911286741711,78.51542229510646,43185.0056917943,74.99994628957653,42461.867009168156,43545.5
2019-04-22,43545.5,908699,0.0,68.4222866206697,72.8889834080043,43233.07159955506,56.75766071059435,42499.38408155685,43545.5
2019-04-23,43545.5,604340,0.0,67.2740469543871,71.18305625646383,43274.72871961439,54.28689286358821,42624.26505601246,44136.3984375
2019-04-24,44136.3984375,940643,0.0,63.637555320585946,70.82906134215332,43389.618015332475,65.4559375,42827.1404291865,44363.6015625
2019-04-25,44363.6015625,1067726,0.0,60.870519699868474,68.93863922119618,43519.482488288144,74.5440625,42961.088868923434,45045.5
2019-04-26,45045.5,951445,0.0,66.35687493474053,69.69654145919219,43722.95148984972,93.33403992328725,43156.36602798018,45045.5
2019-04-29,45045.5,0,0.0,66.35687493474053,68.44960677526531,43899.291291203095,93.33403992328725,43245.54539482241,45045.5
2019-04-30,45045.5,0,0.0,73.19740439700251,75.3741278272952,44052.11911904268,93.33403992328725,43342.15279053012,45045.5
2019-05-01,45045.5,0,0.0,79.77657310379723,81.22278083697272,44184.569903170326,93.1042095421821,43448.631826011515,45318.19921875
2019-05-02,45318.19921875,973522,0.0,80.64633280844552,82.30992587529607,44335.720478580944,89.55182338696437,43603.7126433072,45454.5
2019-05-03,45454.5,1165527,0.0,75.00080572097703,82.71433887263716,44484.89108143682,92.58948051886048,43734.70141109194,44318.19921875
2019-05-06,44318.19921875,1600654,0.0,55.6704812466553,72.05886646596291,44462.66549974525,46.296729511105596,43674.227457755376,45181.80078125
2019-05-07,45181.80078125,1204368,0.0,66.36399220890632,80.30813248302175,44558.55020394589,81.47974862224429,43917.10547857897,45136.3984375
2019-05-08,45136.3984375,1054922,0.0,61.61743309454443,69.25464078223769,44635.59663508643,79.63006284443892,44010.66793820594,44181.80078125
2019-05-09,44181.80078125,947034,0.0,50.83330886391974,60.66226284866366,44575.090521241575,40.73987431112214,43964.77102604584,44545.5
2019-05-10,44545.5,1130613,0.0,59.48298471016887,69.10371803529887,44571.14511840937,55.55693477005046,44118.67143220847,45000.0
2019-05-13,45000.0,935594,0.0,62.698395376151495,70.00920588912786,44628.32576928812,66.66496156356591,44278.95539315707,45636.3984375
2019-05-14,45636.3984375,1716913,0.0,62.992408914416565,71.93080060848777,44762.735458383046,74.46977745189643,44458.10666191668,45818.19921875
2019-05-15,45818.19921875,1693934,0.0,62.69903141737992,73.33717960309309,44903.46395976531,82.97985163459762,44563.91984484169,45136.3984375
2019-05-16,45136.3984375,2288460,0.0,50.793581504605974,60.13247303977804,44934.52189012994,51.064833523193755,44535.30109209197,44450.0
2019-05-17,44450.0,1487590,0.0,45.357449130739845,54.671275558763135,44869.91897144594,18.934599638320478,44503.470223823446,45250.0
2019-05-20,45250.0,1792130,0.0,51.41748111180425,59.18079642142486,44920.59644191982,56.382509924244786,44685.97375344212,45900.0
2019-05-21,45900.0,1016530,0.0,55.43333121383608,61.39552829010551,45051.18358299718,86.80893703155827,44832.019312444994,45250.0
2019-05-22,45250.0,1563650,0.0,49.58621000215676,54.52431702991825,45077.692438597565,56.382509924244786,44775.94802651483,45700.0
2019-05-23,45700.0,1267520,0.0,51.43491729499094,54.775842447147895,45160.66678011789,77.44695946007721,44883.56041204201,45600.0
2019-05-24,45600.0,1014750,0.0,58.52465293852054,56.349248925575274,45219.24454276884,70.9099609375,44912.12482021072,44850.0
2019-05-28,44850.0,518470,0.0,47.759494866206964,51.935952288027195,45170.01193706633,33.4099609375,44842.27474435623,44100.0
2019-05-29,44100.0,1505300,0.0,43.60973316364428,50.761740510353775,45027.34367879082,4.583369886901767,44771.1164711504,44550.0
2019-05-30,44550.0,986450,0.0,52.42089874700596,55.7870002616893,44963.69785495205,28.48627300600369,44880.75673810467,44100.0
2019-05-31,44100.0,611860,0.0,47.1037193923418,51.28880730148417,44848.538140958444,8.765007078770365,44845.57080279835,43500.0
2019-06-03,43500.0,881810,0.0,40.42927684213989,46.42793445909858,44668.73305549732,0.0,44779.32632553288,43300.0
2019-06-04,43300.0,537160,0.0,34.21352407094595,39.61641359724595,44486.23531476435,1.7241379310344827,44755.40401554864,43600.0
2019-06-05,43600.0,500100,0.0,35.2478023379726,34.92637474024346,44368.070606129106,12.068965517241379,44783.777243162986,44500.0
2019-06-06,44500.0,922740,0.0,45.88698512207413,44.54193125743609,44385.661191978565,43.103448275862064,44887.023610741264,45200.0
2019-06-07,45200.0,1304680,0.0,54.83870967741936,54.149968190199516,44494.23969971475,67.24137931034483,44956.47601819799,45100.0
2019-06-10,45100.0,1227340,0.0,48.93617021276596,43.3650942059021,44575.007739752786,63.793103448275865,44903.58477132715,45200.0
2019-06-11,45200.0,1296500,0.0,44.61538461538461,44.44854618630441,44658.34004111908,67.24137931034483,44879.13457959464,45050.0
2019-06-12,45050.0,1284520,0.0,48.333333333333336,45.389995649316134,44710.56136896987,66.66666666666666,44821.0277467598,44550.0
2019-06-13,44550.0,856270,0.0,40.49586776859504,37.25055046443717,44689.153186440555,48.148148148148145,44710.446269414046,44400.0
2019-06-14,44400.0,559800,0.0,40.16393442622951,38.6207919493652,44650.59942824848,46.93877551020408,44651.914544603285,44050.0
2019-06-17,44050.0,1013550,0.0,42.98245614035088,37.24479345994578,44570.51950448202,32.6530612244898,44565.35371643396,44050.0
2019-06-18,44050.0,763680,0.0,49.494949494949495,45.337480118171555,44501.116903884424,32.6530612244898,44538.66766535388,44650.0
2019-06-19,44650.0,530820,0.0,50.98039215686275,43.327108870463626,44520.96798336651,57.14285714285714,44600.81753219558,45400.0
2019-06-20,45400.0,1356030,0.0,62.03703703703703,51.30796145684666,44638.17225225097,87.75510204081633,44688.70852790285,45400.0
2019-06-21,45400.0,872460,0.0,69.79166666666667,58.00739251414648,44739.74928528418,87.75510204081633,44678.24183529358,45150.0
2019-06-24,45150.0,726160,0.0,69.0721649484536,57.073929735875865,44794.44938057962,75.0,44651.504035032216,46500.0
2019-06-25,46500.0,3269450,0.0,74.57627118644068,64.71758859269363,45021.85612983567,98.30508474576271,44880.3312748057,46150.0
2019-06-26,46150.0,1014470,0.0,65.42056074766356,58.55949104395001,45172.27531252425,85.71428571428571,44856.78710483161,45400.0
2019-06-27,45400.0,1221860,0.0,51.85185185185185,50.689353059173,45202.63860418769,58.92857142857143,44781.659935298514,45500.0
2019-06-28,45500.0,2479220,0.0,53.70370370370371,61.402725828908935,45242.286790296,62.5,44838.966388369816,47100.0
2019-07-01,47100.0,2551280,0.0,63.768115942028984,64.17667532443579,45489.9818849232,100.0,45117.5208699205,46900.0
2019-07-02,46900.0,1600280,0.0,63.309352517985616,62.89472222029155,45677.98430026678,84.0,45125.18475393111,46800.0
2019-07-03,46800.0,1275860,0.0,67.17557251908397,61.36887197154823,45827.58639356454,81.33333333333333,45166.91012007363,46600.0
2019-07-05,46600.0,1137770,0.0,66.66666666666666,59.46744985037512,45930.57487442261,76.0,45209.683215174926,46300.0
2019-07-08,46300.0,1303050,0.0,67.17557251908397,58.454987630783855,45979.83155783293,68.0,45253.7254531516,46750.0
2019-07-09,46750.0,992570,0.0,69.28571428571428,59.01180422438535,46082.52068345521,77.27272727272727,45422.47872606473,47050.0
2019-07-10,47050.0,1281980,0.0,67.91044776119404,60.55914881710573,46211.51792566118,84.21052631578947,45570.81489592276,47000.0
2019-07-11,47000.0,854140,0.0,63.333333333333336,55.4704037436696,46316.648868906355,81.48148148148148,45665.622909799735,47000.0
2019-07-12,47000.0,1241970,0.0,63.333333333333336,56.33467861331432,46407.762353052174,81.48148148148148,45769.873188493104,47300.0
2019-07-15,47300.0,1176060,0.0,67.76859504132231,60.63721814386777,46526.72737264522,90.9090909090909,45922.695652249575,47300.0
2019-07-16,47300.0,1160000,0.0,58.51063829787235,56.46840581189096,46629.83038962586,82.75862068965517,46020.86400972742,47050.0
2019-07-17,47050.0,1292630,0.0,59.78260869565217,55.59797621053032,46685.85300434242,74.13793103448276,46079.304363985975,46800.0
2019-07-18,46800.0,1035440,0.0,67.07317073170732,56.0371724806534,46701.07260376343,65.51724137931035,46142.897115454514,48200.0
2019-07-19,48200.0,2811560,0.0,75.0,57.06447680957438,46900.9295899283,95.83333333333334,46455.149722282804,48350.0
2019-07-22,48350.0,1755780,0.0,65.82278481012658,55.414917916876426,47094.13897793786,88.46153846153845,46563.43531486732,48800.0
2019-07-23,48800.0,948550,0.0,72.61904761904762,62.61870103480472,47321.58711421281,100.0,46717.56060621835,48600.0
2019-07-24,48600.0,1952770,0.0,70.93023255813954,60.128448422344185,47492.0421656511,76.11940298507463,46777.27474761146,48600.0
2019-07-25,48600.0,0,0.0,74.39024390243902,63.89957884056549,47639.769876897626,76.11940298507463,46875.80478126327,48600.0
2019-07-26,48600.0,0,0.0,80.26315789473685,68.81606914026545,47767.80055997794,75.75757575757575,46982.919699317055,48600.0
2019-07-29,48600.0,0,0.0,77.61194029850746,66.86799169173787,47878.76048531422,69.23076923076923,47093.224850519226,48600.0
2019-07-30,48600.0,0,0.0,75.40983606557377,63.923830087604244,47974.92575393899,69.23076923076923,47203.46153711665,48400.0
2019-07-31,48400.0,1111880,0.0,71.875,62.69460535527212,48031.60232008046,61.53846153846154,47284.111109945545,48350.0
2019-08-01,48350.0,965060,0.0,70.76923076923077,55.19301914355242,48074.05534406973,59.61538461538461,47387.618517508374,48800.0
2019-08-02,48800.0,1451900,0.0,72.05882352941177,56.15488746715742,48170.84796486043,76.92307692307693,47561.71382628503,49000.0
2019-08-05,49000.0,2322100,0.0,73.61111111111111,59.592283203393826,48281.40156954571,73.33333333333333,47694.01309389147,49000.0
2019-08-06,49000.0,0,0.0,79.1044776119403,64.82795984622095,48377.214693606285,73.33333333333333,47799.20023692816,49750.0
2019-08-07,49750.0,1246410,0.0,88.31168831168831,72.34587279653934,48560.25273445879,98.27586206896551,48023.640205337746,50300.0
2019-08-08,50300.0,2085510,0.0,85.0,71.13821572540189,48792.21903653095,90.32258064516128,48210.71040018159,51100.0
2019-08-09,51100.0,1751680,0.0,87.67123287671232,71.31641310703097,49099.923164993495,92.3076923076923,48434.560124601834,52300.0
2019-08-12,52300.0,1817920,0.0,89.77272727272728,73.21079026113254,49526.6000763277,94.11764705882352,48718.729885766035,52500.0
2019-08-13,52500.0,2237980,0.0,94.31818181818181,86.68138718631263,49923.05339948401,87.71929824561403,48862.62145655279,53200.0
2019-08-14,53200.0,2205370,0.0,95.09803921568627,88.47958029689296,50359.97961288614,91.93548387096774,49101.271929012415,53000.0
2019-08-15,53000.0,2223880,0.0,91.50943396226415,78.01152938083166,50711.98233116799,88.70967741935483,49223.93567181077,52000.0
2019-08-16,52000.0,4531020,0.0,76.98412698412699,62.72769895029639,50883.718020345594,59.210526315789465,49249.6886933471,52400.0
2019-08-19,52400.0,2849780,0.0,78.35820895522389,66.75243509919284,51085.88895096618,64.47368421052632,49503.56353423416,54000.0
2019-08-20,54000.0,2277750,0.0,84.5679012345679,72.03137647231202,51474.43709083736,84.82758620689656,49945.58839633628,53600.0
2019-08-21,53600.0,1808020,0.0,81.06508875739645,69.58976171829937,51757.845478725714,79.3103448275862,50098.92661015811,53000.0
2019-08-22,53000.0,1892640,0.0,74.4186046511628,63.57020236952334,51923.466081562285,66.66666666666666,50242.9308399148,54400.0
2019-08-23,54400.0,1868200,0.0,77.55102040816327,63.23892754003808,52253.67060402065,88.6178861788618,50699.178950148395,53700.0
2019-08-26,53700.0,1756160,0.0,72.38095238095238,59.51681783017575,52446.51452348456,77.23577235772358,50845.37175679526,52800.0
2019-08-27,52800.0,1566370,0.0,64.31924882629107,54.92830497051214,52493.64592035329,56.19047619047619,50971.98885588925,52100.0
2019-08-28,52100.0,1537860,0.0,58.33333333333333,49.216737213922436,52441.15979763951,41.17647058823529,51125.83478621512,52700.0
2019-08-29,52700.0,972940,0.0,57.54716981132076,47.9837251653937,52475.67182462091,45.45454545454545,51456.22348138643,53100.0
2019-08-30,53100.0,708360,0.0,54.08163265306123,46.02998538831275,52558.91558133813,48.717948717948715,51722.671461646016,53700.0
2019-09-03,53700.0,1360230,0.0,55.88235294117647,44.387135730828106,52711.060170493045,64.1025641025641,51993.481933426556,53200.0
2019-09-04,53200.0,1655300,0.0,50.0,37.099024323150324,52776.25214776064,51.28205128205128,52074.23989785857,52600.0
2019-09-05,52600.0,1243680,0.0,48.07692307692308,38.463176879486404,52752.751861392564,35.8974358974359,52125.84124481077,52900.0
2019-09-06,52900.0,1142710,0.0,54.63917525773196,49.22345479352141,52772.38494654022,51.515151515151516,52304.89574550266,53800.0
2019-09-09,53800.0,2507800,0.0,56.86274509803922,48.620078416363334,52909.40028700153,73.07692307692307,52557.96520165785,54000.0
2019-09-10,54000.0,1731610,0.0,50.0,47.36931977465417,53054.813582067996,80.76923076923077,52679.90317477015,54100.0
2019-09-11,54100.0,1179670,0.0,52.94117647058823,54.424454889451354,53194.1717711256,88.0,52776.47164035636,56500.0
2019-09-12,56500.0,3799910,0.0,66.99029126213591,66.66541746660583,53634.94886830886,100.0,53216.6087549755,56800.0
2019-09-13,56800.0,2123900,0.0,63.04347826086957,67.20023082431382,54056.95568586768,89.0909090909091,53328.227587645444,57700.0
2019-09-16,57700.0,1339560,0.0,71.27659574468085,74.348119751831,54542.694927751996,95.08196721311475,53547.40835373716,57600.0
2019-09-17,57600.0,1194690,0.0,77.90697674418604,75.23735581141503,54950.33560405173,91.93548387096774,53643.142795461106,56400.0
2019-09-18,56400.0,2592910,0.0,73.62637362637362,71.35426346367368,55143.62419017817,72.58064516129032,53612.00153384407,57800.0
2019-09-19,57800.0,1432730,0.0,75.75757575757575,72.02468902527191,55497.80763148775,94.82758620689656,53997.29021822041,58200.0
2019-09-20,58200.0,1396120,0.0,75.75757575757575,72.91650531602991,55858.09994728938,90.76923076923077,54240.37374467991,56500.0
2019-09-23,56500.0,2313090,0.0,62.72727272727273,64.78715602677255,55943.68662098413,64.61538461538461,54182.768356500375,56200.0
2019-09-24,56200.0,2537600,0.0,63.888888888888886,62.40669242081419,55977.86173818625,60.0,54356.065908966986,57400.0
2019-09-25,57400.0,1442410,0.0,71.05263157894737,67.20882906653708,56167.48017309475,78.46153846153847,54762.09045443806,57700.0
2019-09-26,57700.0,992640,0.0,71.05263157894737,67.14027073554132,56371.81615001545,82.53968253968253,55034.14506051298,58500.0
2019-09-27,58500.0,2510520,0.0,70.79646017699115,67.39890946287429,56655.57399668006,94.44444444444444,55384.92571911127,57700.0
2019-09-30,57700.0,2199170,0.0,65.54621848739495,59.81647621218832,56794.830797122726,70.49180327868852,55499.8800676742,58500.0
2019-10-01,58500.0,1644130,0.0,67.46031746031747,60.63618896350629,57022.1866908397,80.3921568627451,55865.06272531765,57200.0
2019-10-02,57200.0,2439020,0.0,53.04347826086957,49.40422349538904,57045.89513206107,37.83783783783784,55893.8876952753,57200.0
2019-10-03,57200.0,2804850,0.0,51.78571428571429,50.689753386945796,57066.44244778626,37.83783783783784,56103.92489146081,56800.0
2019-10-04,56800.0,1271210,0.0,45.794392523364486,45.83056975206501,57030.916788081435,27.027027027027028,56221.23490593271,55500.0
2019-10-07,55500.0,2371810,0.0,41.17647058823529,43.99401179557553,56826.79454967058,0.0,56176.1258073639,56100.0
2019-10-08,56100.0,1337220,0.0,48.67256637168142,50.97398502217817,56729.8886097145,20.930232558139537,56399.80903304872,56400.0
2019-10-09,56400.0,937530,0.0,43.13725490196078,50.02009026912907,56685.90346175257,27.906976744186046,56538.94560642,56400.0
2019-10-10,56400.0,808000,0.0,40.816326530612244,48.8071996920681,56647.78300018556,27.906976744186046,56600.697303341774,56500.0
2019-10-11,56500.0,794420,0.0,50.0,55.16199163252572,56628.07860016082,30.23255813953488,56668.270996229534,57700.0
2019-10-14,57700.0,2231030,0.0,58.241758241758234,65.17894389825673,56771.001453472716,58.139534883720934,56895.72375228783,57400.0
2019-10-15,57400.0,663910,0.0,50.0,61.119528131384484,56854.867926343024,51.162790697674424,56883.34947420501,57500.0
2019-10-16,57500.0,829050,0.0,48.75,60.839423933248135,56940.88553616395,53.48837209302325,56926.62509986657,56700.0
2019-10-17,56700.0,1621590,0.0,38.75,51.800801102776,56908.767464675424,34.883720930232556,56820.74175321769,57100.0
2019-10-18,57100.0,1447340,0.0,46.05263157894736,60.58696131267183,56934.26513605204,55.88235294117647,56891.08729723311,56500.0
2019-10-21,56500.0,1260490,0.0,36.48648648648649,53.748609300693005,56876.36311791177,38.23529411764706,56793.053435379814,56300.0
2019-10-22,56300.0,1534380,0.0,42.857142857142854,56.33547420630126,56799.5147021902,36.666666666666664,56755.14631066251,56400.0
2019-10-23,56400.0,747810,0.0,43.75,51.26436535011548,56746.24607523151,40.0,56756.68235812972,58200.0
2019-10-24,58200.0,2233890,0.0,58.97435897435897,60.60327827475795,56940.07993186731,100.0,57010.29137704577,58000.0
2019-10-25,58000.0,1355310,0.0,68.65671641791045,63.84443110606137,57081.402607618336,84.84848484848484,56974.58586010633,58100.0
2019-10-28,58100.0,1494820,0.0,66.12903225806451,64.28036840436837,57217.215593269226,77.41935483870968,57004.47441209215,57900.0
2019-10-29,57900.0,953020,0.0,62.295081967213115,58.99567900617326,57308.25351416667,70.96774193548387,57002.48893492431,57800.0
2019-10-30,57800.0,1102070,0.0,61.29032258064516,53.61704791816955,57373.81971227778,67.74193548387096,57027.823743601075,57900.0
2019-10-31,57900.0,1263390,0.0,61.29032258064516,54.844515918743696,57443.977083974074,70.96774193548387,57091.00280000982,58500.0
2019-11-01,58500.0,1732950,0.0,57.14285714285714,53.66221010226329,57584.7801394442,90.32258064516128,57223.702426675176,59900.0
2019-11-04,59900.0,5811560,0.0,68.65671641791045,67.01501126364988,57893.476120851636,87.5,57475.43099200737,59800.0
2019-11-05,59800.0,1239520,0.0,67.16417910447761,62.288476360322186,58147.679304738085,85.41666666666666,57506.04019307306,59500.0
2019-11-06,59500.0,1551610,0.0,72.58064516129032,62.26760881751494,58327.98873077301,79.16666666666666,57530.7903895522,59500.0
2019-11-07,59500.0,1438030,0.0,70.6896551724138,62.34832606964083,58484.25690000328,79.16666666666666,57616.74055983413,59600.0
2019-11-08,59600.0,1219540,0.0,79.24528301886792,67.52881415062387,58633.02264666951,81.25,57734.56404074514,60000.0
2019-11-11,60000.0,2180490,0.0,83.63636363636364,74.5585664665264,58815.28629378024,86.95652173913044,57913.89994642357,61000.0
2019-11-12,61000.0,2842650,0.0,85.9375,76.68224255887665,59106.58145460955,93.87755102040816,58197.546620233756,60500.0
2019-11-13,60500.0,1333940,0.0,72.54901960784314,70.60262962921672,59292.37059399494,78.37837837837837,58255.37373753593,58300.0
2019-11-14,58300.0,4799390,0.0,52.112676056338024,62.223111846233365,59160.05451479562,21.052631578947366,58068.82390586447,58600.0
2019-11-15,58600.0,2568040,0.0,53.42465753424657,63.55458991083779,59085.380579489545,28.947368421052634,58260.814051749214,57500.0
2019-11-18,57500.0,2794920,0.0,47.56097560975609,59.979452907768575,58873.99650222427,9.523809523809524,58226.98328929376,58300.0
2019-11-19,58300.0,1059770,0.0,52.80898876404495,63.309843827991166,58797.46363526104,28.57142857142857,58468.21885072126,56800.0
2019-11-20,56800.0,2291760,0.0,44.66019417475728,57.65620781909079,58531.135150559574,4.25531914893617,58344.51189284732,56000.0
2019-11-21,56000.0,3303950,0.0,38.095238095238095,50.26273386190539,58193.650463818296,1.8518518518518516,58310.41030713435,56000.0
2019-11-22,56000.0,1625820,0.0,28.57142857142857,43.09770093599015,57901.16373530919,8.620689655172415,58355.577821738654,56600.0
2019-11-25,56600.0,1087990,0.0,33.33333333333333,46.89479114660473,57727.67523726796,18.96551724137931,58448.834112173514,57100.0
2019-11-26,57100.0,968690,0.0,37.755102040816325,51.12060495411271,57643.98520563224,27.586206896551722,58493.600674994814,57000.0
2019-11-27,57000.0,812280,0.0,37.37373737373737,47.229395772259316,57558.120511547946,25.862068965517242,58425.0094738844,56400.0
2019-11-29,56400.0,739370,0.0,34.61538461538461,43.723192788340434,57403.70444334156,15.517241379310345,58264.95265514426,54600.0
2019-12-02,54600.0,1992380,0.0,27.11864406779661,36.26520528001182,57029.87718422935,0.0,57905.90341223614,54500.0
2019-12-03,54500.0,1619120,0.0,20.18348623853211,27.093142306813007,56692.560226332105,15.0,57770.28295727132,55400.0
2019-12-04,55400.0,932130,0.0,27.43362831858407,30.99980276358039,56520.21886282116,27.27272727272727,57745.02300741293,54900.0
2019-12-05,54900.0,1144000,0.0,32.29166666666667,36.24522069958054,56304.189681111675,29.09090909090909,57495.24216198009,55000.0
2019-12-06,55000.0,556160,0.0,30.851063829787236,29.796825051072645,56130.29772363012,30.909090909090907,57328.54320704941,55300.0
2019-12-09,55300.0,700960,0.0,37.2093023255814,36.93128944734936,56019.59136047944,40.0,57191.51522388728,55500.0
2019-12-10,55500.0,797100,0.0,32.5,35.87716963598969,55950.31251241552,44.89795918367347,57032.59097181342,56500.0
2019-12-11,56500.0,877960,0.0,48.0,44.08853076518963,56023.60417742679,78.04878048780488,57004.689953349414,57000.0
2019-12-12,57000.0,942410,0.0,56.944444444444436,57.674395913418216,56153.79028710322,90.2439024390244,56920.78684845838,57100.0
2019-12-13,57100.0,1681700,0.0,57.53424657534246,57.91752771261394,56279.95158215613,90.47619047619048,56802.793046441715,56500.0
2019-12-16,56500.0,968130,0.0,49.31506849315068,50.91653674505603,56309.29137120198,76.19047619047619,56601.30952913838,55400.0
2019-12-17,55400.0,2211360,0.0,39.24050632911393,40.84170225385459,56188.052521708385,50.0,56339.69048080882,55500.0
2019-12-18,55500.0,1022490,0.0,40.50632911392405,46.66834021355389,56096.3121854806,52.38095238095239,56266.231750034305,55800.0
2019-12-19,55800.0,817820,0.0,46.05263157894736,51.50402013323195,56056.80389408319,59.523809523809526,56225.12307225196,56500.0
2019-12-20,56500.0,777100,0.0,64.61538461538461,60.789928326835465,56115.89670820544,76.19047619047619,56263.99555150726,56100.0
2019-12-23,56100.0,766000,0.0,61.76470588235294,64.21868670133648,56113.77714711138,60.0,56158.962811306286,56400.0
2019-12-24,56400.0,692100,0.0,58.064516129032256,63.6582379204621,56151.940194163195,60.71428571428571,56175.323325354344,57400.0
2019-12-26,57400.0,1124500,0.0,68.65671641791045,71.79045341484463,56318.34816827477,79.41176470588235,56311.835770862665,57600.0
2019-12-27,57600.0,1004860,0.0,69.11764705882354,72.73243191453716,56489.23507917147,84.84848484848484,56343.36877919208,58600.0
2019-12-30,58600.0,2881060,0.0,72.0,76.4843058880613,56770.67040194861,92.6829268292683,56514.530719744245,58300.0
2019-12-31,58300.0,689030,0.0,68.42105263157895,72.09175802330788,56974.58101502214,84.61538461538461,56507.704401556126,58600.0
2020-01-02,58600.0,896720,0.0,65.21739130434783,72.18785312966118,57191.30354635252,90.0,56605.62159245976,57600.0
2020-01-03,57600.0,2047880,0.0,54.054054054054056,62.16086424112907,57245.796406838854,63.41463414634146,56513.76093568735,57000.0
2020-01-06,57000.0,1091660,0.0,49.36708860759494,54.419725720224456,57213.02355259367,48.78048780487805,56488.315033151266,58100.0
2020-01-07,58100.0,837240,0.0,59.523809523809526,59.80092002144524,57331.287078914516,75.60975609756098,56719.65080650887,56800.0
2020-01-08,56800.0,1814290,0.0,58.13953488372093,61.03069870042535,57260.44880172592,43.90243902439025,56597.252921196574,57600.0
2020-01-09,57600.0,967050,0.0,61.29032258064516,60.98217189711826,57305.72229482913,59.45945945945946,56804.73030948147,57500.0
2020-01-10,57500.0,1018650,0.0,59.34065934065934,55.3886594898986,57331.62598885191,51.515151515151516,56874.98849043951,57100.0
2020-01-13,57100.0,786760,0.0,53.409090909090914,50.74560837716421,57300.74252367166,35.483870967741936,56899.26780282534,57000.0
2020-01-14,57000.0,721680,0.0,55.294117647058826,50.84886278186119,57260.64352051544,30.0,56970.53209578197,57000.0
2020-01-15,57000.0,940870,0.0,53.65853658536585,51.588826446019056,57225.89105111339,8.695652173913043,57051.90559412216,58000.0
2020-01-16,58000.0,1942970,0.0,53.65853658536585,53.841716946819034,57329.105577631606,52.17391304347826,57268.651514905876,57600.0
2020-01-17,57600.0,1388810,0.0,50.0,47.143238903744695,57365.224833947395,34.78260869565217,57260.831312918424,55500.0
2020-01-21,55500.0,4351820,0.0,33.684210526315795,28.840487616152046,57116.52818942108,0.0,56985.387137862635,56500.0
2020-01-22,56500.0,3165650,0.0,41.17647058823529,39.80803263569675,57034.324430831606,40.909090909090914,57163.05774170317,56500.0
2020-01-23,56500.0,0,0.0,39.39393939393939,37.1782036922404,56963.08117338739,40.909090909090914,57157.76115392053,56500.0
2020-01-24,56500.0,0,0.0,43.82022471910113,41.25988282053429,56901.337016935744,51.42857142857142,57142.781888953345,56500.0
2020-01-27,56500.0,0,0.0,46.98795180722891,43.78246674573572,56847.825414677645,51.42857142857142,57125.0776370929,56500.0
2020-01-28,56500.0,0,0.0,38.888888888888886,40.98625232705942,56801.44869272063,51.42857142857142,57094.62284103607,56500.0
2020-01-29,56500.0,0,0.0,47.45762711864407,45.876806542494585,56761.25553369122,51.42857142857142,57065.39535112015,54700.0
2020-01-30,54700.0,2638460,0.0,28.985507246376812,35.80492597788097,56486.421462532395,18.6046511627907,56759.6759709708,52000.0
2020-01-31,52000.0,4118150,0.0,21.05263157894737,30.688577414137058,55888.231934194744,0.0,56314.27473039693,51500.0
2020-02-03,51500.0,3602970,0.0,20.83333333333333,27.297818391053084,55303.13434296878,27.173913043478258,56181.59365523289,51800.0
2020-02-04,51800.0,1651440,0.0,23.469387755102034,32.942687234968986,54836.049763906274,30.434782608695656,56129.38116786851,52000.0
2020-02-05,52000.0,1648620,0.0,25.0,34.581980114836085,54457.90979538544,32.608695652173914,56023.18590104161,53600.0
2020-02-06,53600.0,1708550,0.0,29.245283018867923,33.50284474743056,54343.52182266738,50.54945054945055,56086.59444756939,53300.0
2020-02-07,53300.0,1218660,0.0,29.52380952380952,33.893750910780696,54204.385579645066,47.77777777777778,55835.65963233791,52600.0
2020-02-10,52600.0,738090,0.0,34.06593406593406,40.315003506834344,53990.46750235906,48.0,55534.23834802619,53600.0
2020-02-11,53600.0,1085380,0.0,34.06593406593406,32.989378892226924,53938.405168711186,61.33333333333333,55483.78434606714,54100.0
2020-02-12,54100.0,1104870,0.0,37.5,36.88302114188088,53959.951146216365,68.0,55348.22421103597,54300.0
2020-02-13,54300.0,1030570,0.0,38.775510204081634,40.12793345454802,54005.29099338752,70.66666666666667,55168.34987178674,54500.0
2020-02-14,54500.0,884240,0.0,39.99999999999999,42.66484124434536,54071.25219426918,73.33333333333333,54993.79211110406,48695.69921875
2020-02-18,48695.69921875,2025081,0.0,25.309566398189176,39.2829195942914,53354.51179753329,15.925500747786728,53925.08582354714,48434.80078125
2020-02-19,48434.80078125,783437,0.0,24.898539666607576,38.10661811169525,52698.55032869551,14.184537577384479,53695.409154713074,48521.69921875
2020-02-20,48521.69921875,897931,0.0,28.475965920704652,45.13352770096335,52141.636847369446,16.977332100840677,53486.60031906731,47565.19921875
2020-02-21,47565.19921875,1676746,0.0,32.41358435665644,51.16678774560483,51531.44516355352,4.6481264349694555,53117.18953867777,45652.19921875
2020-02-24,45652.19921875,2601288,0.0,29.147166661698506,54.55077066590199,50747.54570424638,0.0,52606.300132739496,54000.0
2020-02-25,54000.0,1407720,0.0,54.98427722493286,54.05866552681913,51181.20627701353,92.26331329652363,53624.39409073534,47826.1015625
2020-02-26,47826.1015625,3704460,0.0,42.558117442280945,41.21176277610619,50733.858981745056,24.026859082209636,52435.49186865465,48695.69921875
2020-02-27,48695.69921875,3366096,0.0,41.02200468786135,45.02314092972795,50462.10434667905,33.63800854575763,52341.934165941675,47913.0
2020-02-28,47913.0,2452030,0.0,40.309615170569984,42.99557154897313,50122.223767121846,24.987296205008384,51978.70031577792,48434.80078125
2020-03-02,48434.80078125,2055119,0.0,42.45910179174046,48.94796587238405,49897.23403567226,30.75445215666618,51807.04470943809,48608.69921875
2020-03-03,48608.69921875,1372870,0.0,40.684845283368794,49.32679609194525,49725.429393415965,32.67644891261127,51562.816625783846,55500.0
2020-03-04,55500.0,1660790,0.0,52.10953973421683,50.600944808475965,50495.372140960506,100.0,52308.73594764114,47478.30078125
2020-03-05,47478.30078125,1490917,0.0,41.681725589136576,45.656791837145775,50093.09595966577,18.5432423244879,50802.324201497315,46956.5
2020-03-06,46956.5,1500784,0.0,40.873199817004235,41.21170868348571,49674.88316504367,13.244589428873912,50470.762580533796,43739.1015625
2020-03-09,43739.1015625,5445411,0.0,43.60260568648534,37.15031955992496,48883.44561803785,0.0,49757.1358597265,44956.5
2020-03-10,44956.5,2334891,0.0,45.61879305029267,42.38976844619026,48359.85286896613,10.351236718602093,49725.56920125949,44173.8984375
2020-03-11,44173.8984375,3166306,0.0,44.61791201850409,37.15630353055366,47801.725611437316,9.07476769156665,49377.390421473516,41826.1015625
2020-03-12,41826.1015625,4578920,0.0,43.13220682644737,34.754307831905294,47004.975738245674,4.841492103828123,48800.56643602357,41869.6015625
2020-03-13,41869.6015625,3357011,0.0,45.26146930002485,42.344039041147866,46320.25918147958,15.839395055448508,48598.4291794496,41391.30078125
2020-03-16,41391.30078125,2183804,0.0,30.32576980770274,37.69075642146073,45663.064728115634,12.886137065226855,48230.8677324327,42173.8984375
2020-03-17,42173.8984375,2845847,0.0,39.39644250955443,45.878688273144625,45197.842556033545,17.718269631284734,48035.62739501806,42087.0
2020-03-18,42087.0,1889220,0.0,37.226946168454546,38.19035347216454,44783.06354856241,17.18171707911461,47682.66065641149,41478.30078125
2020-03-19,41478.30078125,1491078,0.0,37.47903078960373,39.543424746025174,44342.42851292075,13.42331671289084,47242.54543781357,41478.30078125
2020-03-20,41478.30078125,1485064,0.0,36.18310513931535,38.058066096632636,43960.54481536465,13.42331671289084,46880.29169497662,38608.69921875
2020-03-23,38608.69921875,3250693,0.0,32.059300738820426,32.39049039258717,43246.965402482696,0.0,46068.55556489988,38695.69921875
2020-03-24,38695.69921875,2520225,0.0,10.113773859734849,32.61547295057767,42640.129911318334,8.06482523017956,45618.72196267017,40000.0
2020-03-25,40000.0,2451558,0.0,23.939379171758915,38.105512757056715,42288.11258980923,23.148011040807397,45329.432832057195,38434.80078125
2020-03-26,38434.80078125,2712056,0.0,22.316493370465395,37.29801360703424,41774.337682001336,7.77781271696612,44596.357927105826,37478.30078125
2020-03-27,37478.30078125,3028812,0.0,26.15912923884558,40.37421324848617,41201.53276190116,2.0843569348947293,43985.713504272964,35130.3984375
2020-03-30,35130.3984375,2481343,0.0,15.5487990270599,33.94391042919848,40392.048185314336,2.418683171849896,43167.05416030045,35739.1015625
2020-03-31,35739.1015625,1912507,0.0,20.061770160431607,40.37546292867282,39771.655302272426,10.10024834072729,42790.845968874986,36782.6015625
2020-04-01,36782.6015625,1670984,0.0,30.27216954551622,49.0592147518129,39373.114803636105,22.221707965280395,42478.95526720901,36782.6015625
2020-04-02,36782.6015625,0,0.0,30.034072971106653,43.00410631621974,39027.7130381513,22.916226025205003,42015.09582576517,38782.6015625
2020-04-03,38782.6015625,2382800,0.0,40.85366705461912,50.79283686742145,38995.03150806446,49.99937608592246,41869.55770611454,41304.30078125
2020-04-06,41304.30078125,3126838,0.0,47.28250798766895,51.166223333816205,39302.93407782253,82.2210442724438,41810.76174807705,41130.3984375
2020-04-07,41130.3984375,2833381,0.0,47.026788406987976,49.63988067930479,39546.59599244619,88.3432566476652,41374.69079364594,40739.1015625
2020-04-08,40739.1015625,1813170,0.0,47.671022067292064,49.17900243882283,39705.59673512004,82.82184444667371,40959.03207324315,40739.1015625
2020-04-09,40739.1015625,2463725,0.0,47.671022067292064,50.74016775805341,39843.3973787707,88.81475470009642,40646.37736495309,40434.80078125
2020-04-13,40434.80078125,1443664,0.0,56.86282224209622,53.67845397314064,39922.25116576794,84.21020588984571,40349.88530049407,43043.5
2020-04-14,43043.5,4682857,0.0,63.736255870418965,57.27724746827034,40338.417676998884,100.0,40543.08829558444,43565.19921875
2020-04-15,43565.19921875,2535980,0.0,61.8497103822767,57.70238449915489,40768.65521589904,93.4578697678324,40453.761327527354,43739.1015625
2020-04-16,43739.1015625,1734752,0.0,69.42667668877769,64.93975997060943,41164.71472877917,95.32692388429405,40378.13567873552,44521.69921875
2020-04-17,44521.69921875,3026374,0.0,76.12884808226245,74.2505659136603,41612.31266077528,99.10669342201155,40464.86316766453,44608.69921875
2020-04-20,44608.69921875,2575747,0.0,92.24858085776401,81.3571296661085,42011.83086850524,94.11759598586052,40532.643714493286,42869.6015625
2020-04-21,42869.6015625,4297607,0.0,78.87380932043872,70.03626261846111,42126.200294371214,75.8930759515147,40402.15896228307,44434.80078125
2020-04-22,44434.80078125,2812739,0.0,79.73022235105392,71.26567426880301,42434.013692621724,90.7217960568849,40823.847899690474,44347.80078125
2020-04-23,44347.80078125,1567921,0.0,79.19484738019987,68.10396424297942,42689.185304438826,87.36820801677328,41030.27408033938,44347.80078125
2020-04-24,44347.80078125,1623087,0.0,75.39703733229418,67.70565351678977,42910.334034680316,82.0892240067262,41273.86865174552,44087.0
2020-04-27,44087.0,1632712,0.0,66.00080770981026,61.7223771182231,43067.22283005627,76.7450396182827,41474.607996443345,44087.0
2020-04-28,44087.0,1120456,0.0,67.34770307784268,68.02135832892837,43203.19311938211,76.7450396182827,41712.87277443493,44173.8984375
2020-04-29,44173.8984375,1551614,0.0,70.9000561893362,73.03641786560723,43332.62049513116,77.04876865102831,41964.022721784575,44173.8984375
2020-04-30,44173.8984375,0,0.0,70.9000561893362,70.99996803303918,43444.79088744701,77.04876865102831,42202.008253411215,44173.8984375
2020-05-01,44173.8984375,0,0.0,73.62661123235858,74.25469593775262,43542.00522745408,73.07644129220641,42443.576080907784,43913.0
2020-05-04,43913.0,1029859,0.0,57.81208762206387,66.71551853091464,43591.47119712687,51.42760699030722,42624.47608435619,44260.8984375
2020-05-05,44260.8984375,779688,0.0,56.452062824099336,64.28207147703077,43680.72816250996,62.85847400197141,42873.10647579968,46000.0
2020-05-06,46000.0,3990672,0.0,66.25027655146778,67.57122408009099,43989.96440750863,95.45493991205547,43305.86696001596,46521.69921875
2020-05-07,46521.69921875,2335328,0.0,64.9351952543417,66.82016034546773,44327.529049007484,100.0,43530.634607534674,46695.69921875
2020-05-08,46695.69921875,4123118,0.0,65.38496979861134,69.00041473681792,44643.285071639824,78.12655516178596,43696.85239988075,46956.5
2020-05-11,46956.5,2437344,0.0,88.52441269607482,83.44448116543623,44951.71372875452,82.81283450235875,43891.89997052165,47304.30078125
2020-05-12,47304.30078125,3740280,0.0,85.10608403759727,84.18408315240924,45265.39200242059,86.79238566332182,44100.56014372293,49350.0
2020-05-13,49350.0,6853810,0.0,91.37059314209138,91.90088980680049,45810.006402097846,96.79779648370534,44567.677456591126,48700.0
2020-05-14,48700.0,2597400,0.0,82.50045359795061,83.77817892007197,46195.338881818134,86.39063505574774,44636.9940626394,48700.0
2020-05-15,48700.0,0,0.0,85.844177288036,88.00514819055084,46529.29369757572,86.39063505574774,44831.274565659005,48700.0
2020-05-18,48700.0,0,0.0,85.844177288036,87.57785422107614,46818.72120456563,86.39063505574774,45043.21822383156,49700.0
2020-05-19,49700.0,2879030,0.0,87.60327942407002,88.20354497856908,47202.891710623546,100.0,45419.64924233805,49700.0
2020-05-20,49700.0,0,0.0,87.60327942407002,88.20354497856908,47535.8394825404,100.0,45658.63597313395,49300.0
2020-05-21,49300.0,2007060,0.0,83.08059342704826,82.60813399997026,47771.060884868355,93.74579719403725,45857.948765691785,48450.0
2020-05-22,48450.0,1731720,0.0,77.21002758786133,80.5827364579063,47861.58610021924,78.71941414547142,46009.841519241905,48800.0
2020-05-26,48800.0,1615680,0.0,77.21577095853964,81.10640507468305,47986.70795352334,83.1844824301926,46352.07342040897,48000.0
2020-05-27,48000.0,2098580,0.0,63.51351351351351,73.61117000932998,47988.4802263869,58.885564506300845,46506.31329030931,48000.0
2020-05-28,48000.0,1194380,0.0,60.746119050796636,72.73048093442429,47990.01619620198,49.287023560792065,46765.50512937918,47950.0
2020-05-29,47950.0,1346170,0.0,59.28520080666196,65.49202761797737,47984.68070337505,47.795465430227125,46994.95645284042,48300.0
2020-06-01,48300.0,1298150,0.0,59.81588368524878,64.14878608408708,48026.72327625838,54.711621447787586,47262.66954428462,48000.0
2020-06-02,48000.0,1456730,0.0,55.118672827885746,55.29176693550662,48023.16017275726,26.08695652173913,47410.2858272689,48650.0
2020-06-03,48650.0,1893060,0.0,43.51851851851852,44.21452458375276,48106.738816389625,52.27272727272727,47664.80327252193,48400.0
2020-06-04,48400.0,1260060,0.0,47.0,47.385193957603725,48145.84030753768,40.909090909090914,47756.77394729679,48700.0
2020-06-05,48700.0,1236200,0.0,50.0,50.62859967344726,48219.72826653266,54.54545454545454,47913.50964321276,48700.0
2020-06-08,48700.0,0,0.0,50.0,50.62859967344726,48283.76449766164,54.54545454545454,48007.51391300663,48700.0
2020-06-09,48700.0,0,0.0,38.372093023255815,42.189252670342555,48339.26256464009,54.54545454545454,48079.53983571685,48800.0
2020-06-10,48800.0,1307540,0.0,39.77272727272727,46.30687517733904,48400.69422268808,68.42105263157895,48147.51785762127,46000.0
2020-06-11,46000.0,4278060,0.0,25.735294117647058,41.56190234175418,48080.60165966301,0.0,47767.76547660511,47000.0
2020-06-12,47000.0,3145450,0.0,39.568345323741006,52.917090983599046,47936.521438374606,45.45454545454545,47955.95230194666,46000.0
2020-06-15,46000.0,1207500,0.0,31.578947368421055,46.46859223739816,47678.318579924664,22.727272727272727,47812.60310613154,46600.0
2020-06-16,46600.0,1100730,0.0,40.54054054054053,54.048457286835145,47534.542769268046,40.0,47898.92269198067,46350.0
2020-06-17,46350.0,788630,0.0,39.2156862745098,49.253436185749564,47376.60373336564,33.75,47839.3441108277,46600.0
2020-06-18,46600.0,822980,0.0,41.40127388535032,54.70281200130602,47273.056568916894,40.0,47844.959340495116,47000.0
2020-06-19,47000.0,745470,0.0,41.77215189873418,53.32742711376122,47236.64902639464,50.0,47858.90920620688,47000.0
2020-06-22,47000.0,787180,0.0,43.421052631578945,59.55670993035058,47205.09582287535,50.0,47805.77686760152,47550.0
2020-06-23,47550.0,1693730,0.0,42.666666666666664,59.0316002394413,47251.08304649197,63.74999999999999,47826.645507476875,47200.0
2020-06-24,47200.0,607000,0.0,42.10526315789474,61.3269495113573,47244.271973626375,55.00000000000001,47707.50943981329,46800.0
2020-06-25,46800.0,730810,0.0,37.662337662337656,55.859617172471985,47185.03571047619,45.0,47578.897070060404,46850.0
2020-06-26,46850.0,602880,0.0,38.06451612903226,57.35175687432958,47140.3642824127,46.25,47512.766349607904,46050.0
2020-06-29,46050.0,1281220,0.0,34.50292397660819,53.563895690632236,46994.98237809101,26.25,47311.00861410464,45650.0
2020-06-30,45650.0,1594210,0.0,32.203389830508485,45.97044495360032,46815.65139434554,17.105263157894736,47161.73524333513,46200.0
2020-07-01,46200.0,866660,0.0,51.515151515151516,61.27645103609193,46733.564541766136,35.294117647058826,47167.337210890444,46150.0
2020-07-02,46150.0,539160,0.0,42.47787610619469,49.77512936810316,46655.755936197325,25.0,47080.44224943839,46800.0
2020-07-06,46800.0,1089910,0.0,57.54716981132076,58.448658389344736,46674.98847803768,46.666666666666664,47111.02217173549,47450.0
2020-07-07,47450.0,2739150,0.0,57.94392523364486,63.14466495347288,46778.32334763266,68.33333333333333,47146.27477105965,47700.0
2020-07-08,47700.0,1472610,0.0,62.61682242990654,69.8546701354739,46901.2135679483,76.66666666666667,47134.07702380725,48350.0
2020-07-09,48350.0,2298900,0.0,65.21739130434783,72.57853557070197,47094.38509222186,98.33333333333333,47196.53342063296,48350.0
2020-07-10,48350.0,0,0.0,62.61682242990654,71.33040304676646,47261.80041325895,98.33333333333333,47172.77340899301,48650.0
2020-07-13,48650.0,2662490,0.0,64.60176991150442,74.40005595849324,47446.89369149109,91.54929577464789,47209.93139890505,48550.0
2020-07-14,48550.0,1549540,0.0,59.61538461538462,65.43200045531876,47593.974532625616,88.73239436619718,47195.690545717705,48550.0
2020-07-15,48550.0,0,0.0,63.91752577319588,67.71244403073217,47721.44459494221,88.73239436619718,47210.04291739979,48600.0
2020-07-16,48600.0,1060530,0.0,70.0,72.43593044165053,47838.58531561658,90.14084507042254,47246.50941730205,48100.0
2020-07-17,48100.0,1313100,0.0,62.62626262626262,66.32232447241182,47873.44060686771,76.05633802816901,47212.66927277289,47400.0
2020-07-20,47400.0,2049680,0.0,63.91752577319588,63.53474880324535,47810.315192618684,56.33802816901409,47167.424480847614,47800.0
2020-07-21,47800.0,940230,0.0,72.16494845360825,70.59961426547663,47808.93983360286,63.49206349206349,47302.351216734605,47400.0
2020-07-22,47400.0,817890,0.0,62.765957446808514,66.17950986123888,47754.414522455816,48.333333333333336,47318.621054503325,47750.0
2020-07-23,47750.0,918630,0.0,66.0,69.62665540487171,47753.825919461706,54.71698113207547,47452.80491390288,45900.0
2020-07-24,45900.0,3170540,0.0,42.74193548387096,57.88510986891364,47506.649130200145,14.084507042253522,47251.76425871583,43700.0
2020-07-27,43700.0,3274350,0.0,25.80645161290323,44.230856026471685,46999.09591284012,1.8691588785046727,46990.86235755372,45700.0
2020-07-28,45700.0,1953510,0.0,39.473684210526315,45.21039958538505,46825.88312446144,39.25233644859813,47333.74737654657,44550.0
2020-07-29,44550.0,1554200,0.0,31.0,35.9617693829268,46522.432041199914,17.75700934579439,47154.497726340356,45150.0
2020-07-30,45150.0,612240,0.0,34.9056603773585,37.688191141255295,46339.44110237326,28.971962616822427,47213.62025171719,44500.0
2020-07-31,44500.0,1106250,0.0,31.05022831050229,27.177008674147004,46094.182288723496,17.142857142857142,47050.637551488246,45900.0
2020-08-03,45900.0,1392200,0.0,39.183673469387756,34.333060812714464,46068.2913168937,44.66019417475729,47171.77476684537,46550.0
2020-08-04,46550.0,1051310,0.0,42.248062015503876,37.61533003910024,46132.51914130787,57.28155339805825,47154.01035348821,47000.0
2020-08-05,47000.0,1328520,0.0,43.984962406015036,38.28713010923408,46248.183255800155,69.38775510204081,47096.11452857867,46800.0
2020-08-06,46800.0,1153660,0.0,45.00000000000001,38.64698594495232,46321.75882169347,69.56521739130434,46942.79925810151,47100.0
2020-08-07,47100.0,1283690,0.0,48.80952380952381,46.59626890337558,46425.52431213434,79.54545454545455,46877.1482459102,47200.0
2020-08-10,47200.0,1160370,0.0,47.56097560975609,47.16481660872363,46528.7877371831,81.81818181818183,46786.80625756662,47000.0
2020-08-11,47000.0,1209690,0.0,48.34710743801653,46.28412237775613,46591.61603889202,80.95238095238095,46662.676534335515,47500.0
2020-08-12,47500.0,1233230,0.0,48.97959183673469,47.08332784077878,46712.73390037309,92.85714285714286,46650.90299642412,47950.0
2020-08-13,47950.0,1709100,0.0,59.44700460829493,59.2830352290179,46877.70271365668,100.0,46653.588152456454,47800.0
2020-08-14,47800.0,1633770,0.0,73.29545454545455,63.955175841961825,47000.67568516913,90.9090909090909,46610.80417657338,47000.0
2020-08-17,47000.0,1048820,0.0,58.55263157894738,56.18659764582437,47000.585593813244,72.72727272727273,46494.47473080804,46850.0
2020-08-18,46850.0,625200,0.0,67.42424242424242,59.0657908373459,46980.50751463814,67.85714285714286,46505.85032225586,46850.0
2020-08-19,46850.0,877190,0.0,64.16666666666666,59.77041371513464,46963.10651268639,67.85714285714286,46552.68139039952,47050.0
2020-08-20,47050.0,1824430,0.0,72.97297297297297,67.53630178137549,46974.69231099488,68.91891891891892,46645.46276056847,47400.0
2020-08-21,47400.0,1260210,0.0,66.66666666666666,67.39555379320623,47031.400002862225,60.0,46761.34550360379,48450.0
2020-08-24,48450.0,3540210,0.0,69.38775510204081,71.61552195391036,47220.54666914726,93.61702127659575,46978.49943645662,48850.0
2020-08-25,48850.0,3304670,0.0,69.0721649484536,74.31251969644921,47437.80711326096,95.91836734693877,47093.97728937352,48400.0
2020-08-26,48400.0,1328990,0.0,65.68627450980392,73.58480805145831,47566.09949815951,77.55102040816327,47090.14142856816,49850.0
2020-08-27,49850.0,3724990,0.0,72.0,76.35616095954016,47870.619565071574,93.05555555555556,47379.344793647964,49900.0
2020-08-28,49900.0,4009380,0.0,71.7741935483871,78.97860378107825,48141.203623062036,73.91304347826086,47460.321043383796,49500.0
2020-08-31,49500.0,1940640,0.0,69.53125,76.69156296515038,48322.37647332043,65.21739130434783,47490.91712648817,49900.0
2020-09-01,49900.0,1757410,0.0,69.04761904761905,77.18387956384863,48532.72627687771,73.91304347826086,47652.100398511975,49900.0
2020-09-02,49900.0,0,0.0,66.66666666666666,75.76086034103685,48715.02943996069,73.91304347826086,47754.431456488164,50400.0
2020-09-03,50400.0,2281510,0.0,70.96774193548387,82.2212075227083,48939.692181299266,84.78260869565217,47937.95170673419,50000.0
2020-09-04,50000.0,1538510,0.0,75.86206896551724,80.57260541058369,49081.06655712603,75.28089887640449,47999.39147916962,49500.0
2020-09-08,49500.0,1628870,0.0,71.54471544715447,77.70289937524561,49136.92434950923,64.04494382022472,48063.167059724794,49200.0
2020-09-09,49200.0,1490820,0.0,68.2170542635659,73.16966116312562,49145.33443624133,55.294117647058826,48168.18922953926,49200.0
2020-09-10,49200.0,1005950,0.0,67.2,72.4840265693471,49152.623178075824,51.28205128205128,48321.34733226736,49200.0
2020-09-11,49200.0,0,0.0,65.25423728813558,71.27705589235188,49158.94008766572,41.53846153846154,48471.08435463171,49300.0
2020-09-14,49300.0,1127400,0.0,58.58585858585858,68.61533837226357,49177.74807597696,37.93103448275862,48622.93977401416,50000.0
2020-09-15,50000.0,1906730,0.0,60.952380952380956,66.85003142546022,49287.3816658467,62.06896551724138,48849.85335970116,50500.0
2020-09-16,50500.0,1918130,0.0,69.81132075471697,73.05297737442825,49449.064110400475,78.94736842105263,49039.0118006299,50000.0
2020-09-17,50000.0,1563010,0.0,51.72413793103448,63.39162994764401,49522.522229013746,57.692307692307686,49064.36578276814,51200.0
2020-09-18,51200.0,3306720,0.0,61.81818181818182,62.24893718507519,49746.18593181191,93.10344827586206,49337.005900621276,51200.0
2020-09-21,51200.0,1530250,0.0,66.66666666666666,70.759285696829,49940.02780757032,84.375,49422.016224982886,51300.0
2020-09-22,51300.0,1630570,0.0,64.58333333333333,70.63517908073634,50121.35743322761,87.5,49522.9696172074,51100.0
2020-09-23,51100.0,1797680,0.0,62.0,64.94895847819473,50251.843108797264,81.25,49579.74033491307,50500.0
2020-09-24,50500.0,1728380,0.0,50.98039215686275,56.24949172799129,50284.93069429097,62.5,49573.44162359134,50800.0
2020-09-25,50800.0,1205550,0.0,58.0,62.59979862607533,50353.60660171884,71.875,49701.37162933471,51100.0
2020-09-28,51100.0,1312300,0.0,66.66666666666666,69.52314655620526,50453.12572148967,80.64516129032258,49827.68874542342,50200.0
2020-09-29,50200.0,1900490,0.0,59.25925925925926,68.08296491021409,50419.37562529105,42.30769230769231,49778.27469047807,50000.0
2020-09-30,50000.0,2500310,0.0,57.14285714285714,59.54920981492329,50363.45887525225,34.61538461538461,49840.39362063656,50800.0
2020-10-01,50800.0,905510,0.0,62.50000000000001,61.05612542464851,50421.66435855195,65.38461538461539,50049.67447121834,50300.0
2020-10-02,50300.0,1947940,0.0,57.352941176470594,54.66696680109615,50405.442444078355,48.148148148148145,50058.66231950035,50500.0
2020-10-05,50500.0,1498360,0.0,53.96825396825397,53.96581036699293,50418.050118201245,55.55555555555556,50169.00734356698,50500.0
2020-10-06,50500.0,1520290,0.0,50.0,53.22413602610032,50428.97676910775,55.55555555555556,50236.75080886915,50400.0
2020-10-07,50400.0,1493710,0.0,53.70370370370371,53.355108389969864,50425.113199893385,51.85185185185185,50285.184034353275,51100.0
2020-10-08,51100.0,3062690,0.0,48.97959183673469,52.89132907292592,50515.098106574274,77.77777777777779,50438.54838532839,50800.0
2020-10-09,50800.0,1173500,0.0,46.15384615384615,47.165430188968614,50553.08502569771,72.0,50427.908600617935,50900.0
2020-10-12,50900.0,1550680,0.0,46.15384615384615,46.978130612458074,50599.340355604676,76.0,50470.798564979996,50700.0
2020-10-13,50700.0,1222200,0.0,46.15384615384615,48.184798419107665,50612.761641524055,68.0,50462.13653409378,51000.0
2020-10-14,51000.0,2409760,0.0,55.102040816326536,56.99392695002056,50664.39342265418,80.0,50529.40721843683,51200.0
2020-10-15,51200.0,1925370,0.0,54.166666666666664,58.29599741249513,50735.80763296696,88.0,50577.764033756364,53200.0
2020-10-16,53200.0,5769540,0.0,66.15384615384616,64.99781517260061,51064.36661523803,85.71428571428571,50892.72882925552,53300.0
2020-10-19,53300.0,2333670,0.0,77.19298245614036,72.05788386079293,51362.45106653963,87.75510204081633,50930.14276313256,53200.0
2020-10-20,53200.0,1886160,0.0,78.57142857142857,73.28554294586715,51607.45759100102,85.71428571428571,50964.79039471489,52800.0
2020-10-21,52800.0,3305010,0.0,69.23076923076923,64.48669340448217,51766.463245534214,69.0909090909091,50971.42945319735,54000.0
2020-10-22,54000.0,2346540,0.0,81.35593220338983,71.0624220946726,52064.26814612965,89.13043478260869,51236.57219277104,53900.0
2020-10-23,53900.0,2646310,0.0,79.3103448275862,63.821731926827326,52309.032393312365,86.04651162790698,51317.08478929046,52800.0
2020-10-26,52800.0,3852510,0.0,66.66666666666666,55.14184728666313,52374.494740870716,60.46511627906976,51267.91792849617,52100.0
2020-10-27,52100.0,3188810,0.0,61.333333333333336,52.50603440590016,52337.89544208795,42.857142857142854,51296.362204696685,50700.0
2020-10-28,50700.0,3596230,0.0,47.56097560975609,43.75059133527364,52119.5093831429,7.317073170731707,51218.06946629268,50900.0
2020-10-29,50900.0,2719690,0.0,50.617283950617285,48.865116123660634,51956.90813205718,16.27906976744186,51374.49353745366,51500.0
2020-10-30,51500.0,1469970,0.0,53.48837209302325,48.76875899668987,51895.98704778289,30.23255813953488,51572.17217690429,51700.0
2020-11-02,51700.0,866110,0.0,55.81395348837209,51.411405767853466,51869.85544141184,34.883720930232556,51697.382553317046,52800.0
2020-11-03,52800.0,2562890,0.0,59.57446808510638,51.6933545476785,51993.87471589026,60.46511627906976,51949.620435097,53000.0
2020-11-04,53000.0,1369690,0.0,59.57446808510638,51.06673182861672,52128.02475377156,65.11627906976744,52059.94882152851,52000.0
2020-11-05,52000.0,1305860,0.0,42.857142857142854,40.630930177810285,52110.95478660202,41.86046511627907,51975.78897865805,52400.0
2020-11-06,52400.0,987260,0.0,44.827586206896555,38.07028308637658,52149.49414838842,51.162790697674424,52090.01711483697,53400.0
2020-11-09,53400.0,2011650,0.0,51.04166666666667,44.22586309407016,52316.22826193663,74.4186046511628,52275.68149952538,53000.0
2020-11-10,53000.0,1739340,0.0,51.04166666666667,46.52169859212949,52407.397827011744,65.11627906976744,52242.81285514421,53000.0
2020-11-11,53000.0,1668230,0.0,44.047619047619044,45.25923328890952,52486.41145007684,65.11627906976744,52260.66003001387,53500.0
2020-11-12,53500.0,1234540,0.0,47.72727272727273,51.98525181099693,52621.5565900666,76.74418604651163,52342.627581567576,53800.0
2020-11-13,53800.0,1318170,0.0,56.25,62.33015518343298,52778.68237805772,94.73684210526315,52395.55501513635,53300.0
2020-11-16,53300.0,3713690,0.0,57.692307692307686,60.91547462094554,52848.19139431669,73.80952380952381,52340.64767978484,54000.0
2020-11-17,54000.0,2515530,0.0,73.2394366197183,73.19964367251224,53001.76587507447,90.47619047619048,52492.339100257974,54000.0
2020-11-18,54000.0,1757160,0.0,72.46376811594203,72.30805887078348,53134.86375839787,89.74358974358975,52555.471664668024,55100.0
2020-11-19,55100.0,4980430,0.0,74.32432432432432,75.98043306036571,53396.88192394482,81.25,52798.79766493451,55200.0
2020-11-20,55200.0,1837360,0.0,73.97260273972603,76.86137260598336,53637.29766741885,81.3953488372093,52903.40242072102,55900.0
2020-11-23,55900.0,2824640,0.0,72.46376811594203,77.19088520316554,53938.991311763006,92.85714285714286,53107.78209795821,55600.0
2020-11-24,55600.0,3003940,0.0,68.57142857142857,68.48788741535844,54160.459136861275,80.0,53169.68892934156,55200.0
2020-11-25,55200.0,1835630,0.0,75.0,67.14480173103043,54299.064585279775,70.45454545454545,53239.17484987381,56200.0
2020-11-27,56200.0,1986420,0.0,77.14285714285714,68.25064540840836,54552.52264057581,92.10526315789474,53531.61820322396,55400.0
2020-11-30,55400.0,2761700,0.0,64.70588235294117,60.57829041015052,54665.51962183237,67.5,53552.06910946076,55200.0
2020-12-01,55200.0,3427370,0.0,66.66666666666666,57.52797000360278,54736.78367225472,62.5,53674.01545042155,55600.0
2020-12-02,55600.0,2108200,0.0,68.57142857142857,58.14993817858548,54851.87918262076,71.05263157894737,53888.368945920905,55600.0
2020-12-03,55600.0,1627980,0.0,66.15384615384616,58.67212387289735,54951.628624938,70.27027027027027,54038.19753090924,55700.0
2020-12-04,55700.0,1380920,0.0,65.07936507936508,58.79982619049113,55051.41147494627,72.97297297297297,54200.04897123245,55700.0
2020-12-07,55700.0,1455180,0.0,70.6896551724138,66.92171568698973,55137.88994495343,72.97297297297297,54349.0424417348,56200.0
2020-12-08,56200.0,2297110,0.0,69.64285714285714,66.81029284637256,55279.50461895964,83.33333333333334,54569.22567172571,57500.0
2020-12-09,57500.0,3001820,0.0,75.3623188405797,68.13500554276428,55575.57066976502,92.10526315789474,54906.10669327339,56500.0
2020-12-10,56500.0,2112490,0.0,60.294117647058826,58.563888247413935,55698.827913796355,59.375,54889.45913417027,57000.0
2020-12-11,57000.0,1750270,0.0,62.50000000000001,58.50823990861708,55872.31752529018,75.0,55101.75347183646,57200.0
2020-12-14,57200.0,1443760,0.0,59.701492537313435,56.69003214419081,56049.341855251485,75.0,55256.40856448049,56700.0
2020-12-15,56700.0,2666900,0.0,57.971014492753625,57.210667210092836,56136.09627455129,59.375,55302.665200327545,57100.0
2020-12-16,57100.0,1995530,0.0,63.768115942028984,63.55945161997356,56264.61677127779,71.875,55486.6431736172,56500.0
2020-12-17,56500.0,3594500,0.0,52.30769230769231,54.02830687871305,56296.00120177409,53.125,55508.81297269046,56900.0
2020-12-18,56900.0,1532820,0.0,62.295081967213115,61.22809794393518,56376.53437487088,65.625,55682.082354109516,57500.0
2020-12-21,57500.0,2307390,0.0,67.6923076923077,71.31323686940335,56526.32979155476,83.33333333333334,55882.52692911713,58100.0
2020-12-22,58100.0,2576390,0.0,68.65671641791045,71.86188431727895,56736.15248601412,88.23529411764706,56080.523338568186,57500.0
2020-12-23,57500.0,1391420,0.0,63.013698630136986,66.90947102944284,56837.99882121224,65.625,56102.06467120354,57000.0
2020-12-24,57000.0,2386210,0.0,58.44155844155844,60.206085607409975,56859.59897838395,48.38709677419355,56146.40049282084,57900.0
2020-12-28,57900.0,2197090,0.0,62.7906976744186,61.23892620202308,56998.31911459942,77.41935483870968,56401.82487155585,58600.0
2020-12-29,58600.0,2172950,0.0,63.63636363636363,61.19300012523041,57211.87656598617,92.85714285714286,56618.74822201507,58100.0
2020-12-30,58100.0,1204180,0.0,53.75,54.67507566221971,57330.293023854676,72.41379310344827,56644.5262368575,59100.0
2020-12-31,59100.0,2036370,0.0,66.25,61.8111751793264,57566.253954007385,96.875,56901.70051638761,60200.0
2021-01-04,60200.0,215130,0.0,68.6046511627907,59.740257744575054,57917.42009347307,100.0,57169.97378086928,62700.0
2021-01-05,62700.0,233220,0.0,75.22935779816514,57.93687957679215,58555.09741434333,89.33333333333333,57652.42172119781,62400.0
2021-01-06,62400.0,179600,0.0,76.63551401869158,63.81823114569292,59067.75109243089,84.21052631578947,57733.598825038105,62500.0
2021-01-07,62500.0,215020,0.0,75.96153846153847,60.98188511566511,59525.38428010677,85.52631578947368,57910.84120392191,63300.0
2021-01-08,63300.0,272040,0.0,82.0754716981132,72.87006832151633,60028.66637609254,94.52054794520548,58227.173487843436,64700.0
2021-01-11,64700.0,197280,0.0,83.62068965517241,70.89847614127584,60651.5108592802,100.0,58660.21702279765,65800.0
2021-01-12,65800.0,243520,0.0,84.29752066115702,67.15671546254154,61337.97607804284,97.91666666666666,59073.299197535736,66500.0
2021-01-13,66500.0,261200,0.0,84.42622950819673,61.57861471583023,62026.24593430379,91.81818181818183,59455.637082308764,66400.0
2021-01-14,66400.0,177750,0.0,88.03418803418803,67.54930857617006,62609.41314306329,90.9090909090909,59759.38547133426,66600.0
2021-01-15,66600.0,154040,0.0,92.10526315789474,83.94345939216433,63141.49139065485,91.91919191919192,60155.356297378574,62000.0
2021-01-19,62000.0,350560,0.0,63.57615894039735,75.7362868887201,62989.29253856754,44.89795918367347,59862.808791061434,63300.0
2021-01-20,63300.0,366380,0.0,64.96815286624204,68.96456274049136,63030.72020009187,56.38297872340425,60477.823174475474,65600.0
2021-01-21,65600.0,231310,0.0,71.42857142857143,85.7255090702567,63373.29084007962,80.85106382978722,61223.668973434294,66900.0
2021-01-22,66900.0,209030,0.0,71.91011235955057,78.57946246537061,63843.51872806901,92.6829268292683,61805.73533253194,67000.0
2021-01-25,67000.0,311190,0.0,70.23809523809524,79.3615627072491,64264.38289765981,85.71428571428571,62207.19284374991,66000.0
2021-01-26,66000.0,259750,0.0,60.78431372549019,71.85827544102065,64495.79851130517,72.5,62431.78935347215,63000.0
2021-01-27,63000.0,222680,0.0,51.66666666666666,70.90695761648426,64296.358709797816,35.0,62349.88410634253,58600.0
2021-01-28,58600.0,509240,0.0,41.255605381165914,60.3670132666609,63536.84421515811,0.0,62041.955114385746,62700.0
2021-01-29,62700.0,321190,0.0,48.82812500000001,60.780144032446216,63425.26498647036,42.70833333333333,62959.2499880232,63500.0
2021-02-01,63500.0,201740,0.0,47.599999999999994,60.80988441592183,63435.22965494098,51.041666666666664,63283.62776739789,66000.0
2021-02-02,66000.0,326460,0.0,50.378787878787875,61.644487051062576,63777.19903428219,77.08333333333334,63806.47739841151,70000.0
2021-02-03,70000.0,417350,0.0,55.89225589225589,63.31090859363937,64606.905829711235,95.0,64506.28041195664,72500.0
2021-02-04,72500.0,439870,0.0,59.50155763239876,70.09430654387754,65659.31838574974,95.2054794520548,64963.99857925132,72900.0
2021-02-05,72900.0,208490,0.0,59.75232198142415,70.60504404857065,66624.7426009831,96.62162162162163,65127.79876868448,71300.0
2021-02-08,71300.0,403560,0.0,65.8703071672355,69.01789914623681,67248.11025418535,85.8108108108108,65076.92559952654,71300.0
2021-02-09,71300.0,0,0.0,64.28571428571428,66.3937737717684,67788.36222029397,85.8108108108108,65331.50218625634,71300.0
2021-02-10,71300.0,0,0.0,61.08949416342413,64.414675279221,68256.58059092144,85.8108108108108,65605.96856142215,71300.0
2021-02-11,71300.0,0,0.0,59.01639344262295,62.35900978742862,68662.36984546525,85.8108108108108,65885.39497545476,71300.0
2021-02-12,71300.0,0,0.0,58.8477366255144,58.7862426009392,69014.05386606988,85.8108108108108,66168.17564539412,71300.0
2021-02-16,71300.0,0,0.0,61.373390557939906,63.77905553724452,69318.84668392723,85.8108108108108,66463.30778156381,77900.0
2021-02-17,77900.0,313910,0.0,77.69516728624535,72.18964529472167,70463.0004594036,94.6078431372549,67787.47785513308,78200.0
2021-02-18,78200.0,224310,0.0,92.98245614035088,85.61529779275332,71494.60039814979,96.0,68242.03636333755,76600.0
2021-02-19,76600.0,372270,0.0,84.23645320197045,72.52260219180465,72175.32034506316,85.62874251497006,68500.54262600366,76800.0
2021-02-22,76800.0,231930,0.0,83.75634517766497,73.15947666900426,72791.94429905474,86.25,69101.41472031428,75500.0
2021-02-23,75500.0,336950,0.0,75.67567567567568,61.98946778335898,73153.01839251412,72.86821705426357,69501.2816464946,75500.0
2021-02-24,75500.0,0,0.0,68.9655172413793,56.21540770569934,73465.94927351223,62.76595744680851,70081.05520473978,76200.0
2021-02-25,76200.0,192750,0.0,64.56692913385827,51.87540994667184,73830.48937037727,70.2127659574468,70716.85895521891,76200.0
2021-02-26,76200.0,193600,0.0,63.41463414634146,51.74206441877129,74146.42412099364,70.2127659574468,71201.44442785638,77900.0
2021-03-01,77900.0,207810,0.0,76.61290322580646,65.98394413522345,74646.90090486116,85.71428571428571,71922.69628191998,77900.0
2021-03-02,77900.0,182170,0.0,76.61290322580646,68.76943723373411,75080.64745087968,85.71428571428571,72373.05899988621,77700.0
2021-03-03,77700.0,159940,0.0,75.39682539682539,64.16608961870347,75429.89445742907,83.11688311688312,72795.70668879026,75900.0
2021-03-04,75900.0,290150,0.0,65.97222222222223,57.334984652414676,75492.57519643853,59.74025974025974,72980.33468584047,75900.0
2021-03-05,75900.0,250750,0.0,65.97222222222223,60.89503436843675,75546.89850358006,59.74025974025974,73434.79006106174,75800.0
2021-03-08,75800.0,165660,0.0,65.51724137931035,57.69617950211749,75580.6453697694,28.888888888888886,73857.09583069796,75000.0
2021-03-09,75000.0,218240,0.0,33.33333333333333,49.15740042868265,75503.22598713348,11.363636363636363,74097.20527549379,76300.0
2021-03-10,76300.0,260240,0.0,40.206185567010316,49.68338826139461,75609.46252218235,40.909090909090914,74581.6334609835,76700.0
2021-03-11,76700.0,147780,0.0,50.588235294117645,58.88174711785406,75754.8675192247,50.0,74877.36011063015,76500.0
2021-03-12,76500.0,206280,0.0,48.23529411764706,51.128042712669924,75854.2185166614,45.45454545454545,75046.93431810169,76500.0
2021-03-15,76500.0,176090,0.0,56.944444444444436,60.827614002848435,75940.32271443988,45.45454545454545,75231.23196457703,81000.0
2021-03-16,81000.0,511100,0.0,73.5042735042735,67.38774088072026,76614.94635251457,92.85714285714286,76075.40103596676,80800.0
2021-03-17,80800.0,160320,0.0,70.53571428571429,61.807438645998964,77172.95350551262,90.0,76194.84756450454,81000.0
2021-03-18,81000.0,180750,0.0,71.05263157894737,61.791492213632274,77683.22637144427,92.85714285714286,76399.7012225706,79800.0
2021-03-19,79800.0,224780,0.0,58.71559633027523,54.699999676997855,77965.4628552517,75.71428571428571,76398.62994845009,78700.0
2021-03-22,78700.0,208480,0.0,53.33333333333333,48.420351567587964,78063.40114121813,60.0,76417.97928865673,78800.0
2021-03-23,78800.0,220170,0.0,54.621848739495796,54.404995893139365,78161.61432238905,61.42857142857143,76612.58205016918,77000.0
2021-03-24,77000.0,248010,0.0,54.621848739495796,55.04566876856832,78006.73241273718,35.714285714285715,76524.68222125774,76600.0
2021-03-25,76600.0,230540,0.0,52.84552845528455,47.63567186280269,77819.16809103888,30.0,76649.89125842336,76100.0
2021-03-26,76100.0,267260,0.0,51.181102362204726,46.19518672038677,77589.94567890037,22.857142857142858,76746.73909063358,77600.0
2021-03-29,77600.0,199770,0.0,59.701492537313435,52.46464271384198,77591.286255047,44.285714285714285,77135.78498966021,77100.0
2021-03-30,77100.0,151250,0.0,53.17460317460318,46.10883732611431,77525.78142104074,37.142857142857146,77201.06921326107,77700.0
2021-03-31,77700.0,137340,0.0,53.90625,45.957627659214,77549.01056490197,45.714285714285715,77421.14887371515,79700.0
2021-04-01,79700.0,250090,0.0,60.95890410958904,53.18840339762332,77835.80915624838,74.28571428571429,77839.55124610869,79600.0
2021-04-05,79600.0,148700,0.0,60.54421768707483,48.070757651028686,78071.03460208193,72.85714285714285,77938.49996884975,79400.0
2021-04-06,79400.0,150580,0.0,42.30769230769231,35.72204386041777,78248.22998847101,70.0,77994.97775078089,79600.0
2021-04-07,79600.0,150380,0.0,44.23076923076923,41.39596632859181,78428.4659900082,78.46153846153847,78088.59182845455,79600.0
2021-04-08,79600.0,160980,0.0,43.13725490196078,40.928023918846506,78584.67052467377,83.60655737704919,78128.61291799395,82100.0
2021-04-09,82100.0,397040,0.0,60.0,52.46945625417153,79053.38112138394,89.41176470588236,78536.40897337253,82100.0
2021-04-12,82100.0,202250,0.0,66.34615384615384,59.65417051046269,79459.59697186608,89.41176470588236,78573.3322213673,80700.0
2021-04-13,80700.0,203810,0.0,58.11965811965811,52.27851165221033,79624.98404228393,72.94117647058823,78426.49903629611,81000.0
2021-04-14,81000.0,253060,0.0,69.6078431372549,60.869061464001554,79808.31950331274,76.47058823529412,78574.41027590109,80000.0
2021-04-15,80000.0,209620,0.0,65.74074074074073,61.09939959894541,79833.87690287105,64.70588235294117,78552.32223911428,79700.0
2021-04-16,79700.0,219460,0.0,66.98113207547169,61.834084543821795,79816.02664915491,52.17391304347826,78664.45705167681,81500.0
2021-04-19,81500.0,238080,0.0,67.88990825688074,62.46535372730813,80040.5564292676,76.5625,79093.30722256436,82900.0
2021-04-20,82900.0,474280,0.0,74.57627118644068,71.0336948563812,80421.81557203192,75.90361445783132,79465.53292622244,82900.0
2021-04-21,82900.0,0,0.0,73.21428571428572,69.78796932485899,80752.24016242765,71.42857142857143,79642.01742494834,80000.0
2021-04-22,80000.0,227120,0.0,51.2396694214876,62.12242864847771,80651.94147410398,19.672131147540984,79390.19287939966,83000.0
2021-04-23,83000.0,316640,0.0,61.333333333333336,68.72684594278483,80965.01594422346,68.85245901639344,80030.11160659084,81000.0
2021-04-26,81000.0,255130,0.0,54.76190476190476,66.47696348347384,80969.68048499366,36.0655737704918,79900.37450348982,80700.0
2021-04-27,80700.0,128710,0.0,53.25443786982248,62.39558896924442,80933.7230869945,31.147540983606557,80035.04679191341,80800.0
2021-04-28,80800.0,136670,0.0,53.529411764705884,62.13668537556894,80915.8933420619,32.78688524590164,80218.98499743605,80900.0
2021-04-29,80900.0,209550,0.0,45.89041095890411,59.803309987258075,80913.77422978698,34.42622950819672,80367.17588666682,80900.0
2021-04-30,80900.0,0,0.0,45.89041095890411,56.94924031116459,80911.93766581539,34.42622950819672,80470.33021288902,80900.0
2021-05-03,80900.0,0,0.0,50.75757575757576,61.28807049750474,80910.34597704001,34.42622950819672,80561.61951783716,82900.0
2021-05-04,82900.0,236210,0.0,56.375838926174495,61.114170962781,81175.63318010134,67.21311475409836,80939.79247101441,82900.0
2021-05-05,82900.0,232130,0.0,60.431654676258994,69.26952481684391,81405.54875608782,67.21311475409836,81016.04236376805,82700.0
2021-05-06,82700.0,196900,0.0,60.869565217391305,69.6620396039238,81578.14225527612,59.25925925925925,81082.34782637675,83000.0
2021-05-07,83000.0,270590,0.0,56.09756097560975,70.10783390315423,81767.72328790597,63.46153846153846,81224.03478285986,85800.0
2021-05-10,85800.0,450430,0.0,60.58394160583942,69.94816486139733,82305.36018285184,96.82539682539682,81725.94125625632,85200.0
2021-05-11,85200.0,207870,0.0,58.04195804195804,64.69717670116688,82691.3121584716,79.71014492753623,81707.87131097772,85400.0
2021-05-12,85400.0,184450,0.0,73.27586206896552,72.15486838125577,83052.47053734206,82.6086956521739,81854.988469514,84000.0
2021-05-13,84000.0,255830,0.0,55.0,62.24085373880516,83178.80779902979,60.60606060606061,81767.26778468992,84800.0
2021-05-14,84800.0,185870,0.0,71.5909090909091,70.63529996343445,83394.96675915916,72.72727272727273,82034.79874673126,85700.0
2021-05-17,85700.0,174450,0.0,76.59574468085107,75.74446590107362,83702.30452460461,86.36363636363636,82328.82558050043,75652.203125
2021-05-18,75652.203125,245352,0.0,36.696684619292085,68.69867385493376,82628.957671324,5.9750343539313775,80997.25708296147,78956.5
2021-05-19,78956.5,330774,0.0,45.69108744060627,69.81260654771782,82139.29664848078,34.353931378022075,81690.4225100944,83043.5
2021-05-20,83043.5,405248,0.0,54.02322244914958,73.38866557788353,82259.85709535002,69.45506076351613,82425.0947604846,81565.203125
2021-05-21,81565.203125,370610,0.0,51.182903374412966,66.16917223571801,82167.23656597002,56.7587334134925,82290.40090179499,81304.3984375
2021-05-24,81304.3984375,306992,0.0,46.975529327163855,58.85979859329165,82052.19148217402,54.518816829132135,82328.07939266677,81565.203125
2021-05-25,81565.203125,247974,0.0,47.49465656556177,58.97740476345407,81987.25970121748,56.7587334134925,82421.15298232509,82869.6015625
2021-05-26,82869.6015625,229172,0.0,50.305661115890466,64.4314709589915,82104.90528272183,67.96153701636106,82650.39123485536,81565.203125
2021-05-27,81565.203125,200767,0.0,47.50450985646182,58.47837538593408,82032.94499502558,56.7587334134925,82470.28196517326,82434.796875
2021-05-28,82434.796875,215544,0.0,43.7257073738881,55.5556120120956,82086.52524568883,64.22722441705673,82586.52213891405,87100.0
2021-06-01,87100.0,349500,0.0,53.07616648941607,63.266185941152614,82754.98854626364,89.66293794070957,83239.66826691995,85500.0
2021-06-02,85500.0,305390,0.0,50.15488222658689,56.16730428518367,83120.99007342849,77.84915273009193,82931.24714209454,85200.0
2021-06-03,85200.0,319080,0.0,51.924150392396406,55.20375562925984,83398.19139697136,75.63406800310112,82856.22661169026,84700.0
2021-06-04,84700.0,382060,0.0,49.83809650055705,47.81709730188905,83571.76587737518,71.9422601247831,82761.81992978432,82700.0
2021-06-07,82700.0,3711200,0.0,45.309948868671725,23.235413176493438,83455.53042705849,57.17502861151106,82440.27858324363,82700.0
2021-06-08,82700.0,0,0.0,66.06533426127294,23.9401951835939,83354.79303678403,55.45897534044726,82507.06083117226,81700.0
2021-06-09,81700.0,3576100,0.0,56.98785053870253,13.778149817717264,83134.15396521283,31.252695314536293,82450.29405715485,81900.0
2021-06-10,81900.0,2214900,0.0,46.368342490551655,26.265186280754932,82969.60010318445,30.526315789473685,82557.8520196731,83500.0
2021-06-11,83500.0,2359600,0.0,56.097611419645794,39.07959914386658,83040.32008942652,47.368421052631575,82866.34200211945,83800.0
2021-06-14,83800.0,2547600,0.0,57.84563330800295,49.23363686111453,83141.61074416965,50.526315789473685,82976.32511277437,83200.0
2021-06-15,83200.0,1778700,0.0,55.03212805048144,43.68429064461289,83149.39597828036,44.21052631578947,82960.9168902725,83100.0
2021-06-16,83100.0,2462000,0.0,50.765993235384414,37.748641473253805,83142.80984784297,43.15789473684211,83019.35019379172,82600.0
2021-06-17,82600.0,2236400,0.0,53.63474408552106,34.33340289802548,83070.43520146392,37.89473684210527,83023.43213843893,83800.0
2021-06-18,83800.0,1681700,0.0,54.686522780642655,38.40109581981778,83167.7105079354,50.526315789473685,83278.2522977582,85600.0
2021-06-21,85600.0,3878300,0.0,43.58974358974359,46.47743132613236,83492.015773544,77.64705882352942,83570.59643583489,85400.0
2021-06-22,85400.0,1760300,0.0,49.51456310679612,44.06794093976864,83746.41367040481,84.21052631578947,83543.90579994579,88600.0
2021-06-29,88600.0,4897800,0.0,62.87878787878788,53.067406653720944,84393.55851435084,96.0,84030.55169328634,88000.0
2021-06-30,88000.0,1651100,0.0,62.40601503759399,51.00564189697667,84874.41737910405,89.10891089108911,83952.92257862593,88900.0
2021-07-01,88900.0,1700100,0.0,75.40983606557377,59.3359375,85411.16172855685,98.01980198019803,84154.36623480915,91900.0
2021-07-02,91900.0,3873500,0.0,80.26315789473685,63.934670049026415,86276.34016474927,95.55555555555556,84712.00629239014,91900.0
2021-07-06,91900.0,0,0.0,85.91549295774648,70.47131521654751,87026.16147611603,94.78260869565217,84873.2943422937,91900.0
2021-07-07,91900.0,0,0.0,85.71428571428571,68.4522158749531,87676.0066126339,94.64285714285714,85107.5217633212,91900.0
2021-07-08,91900.0,0,0.0,83.87096774193549,65.93758333132318,88239.20573094937,94.23076923076923,85389.85219487837,89700.0
2021-07-09,89700.0,2947000,0.0,70.62937062937063,56.04534403411919,88433.97830015612,73.07692307692307,85381.0385688946,89700.0
2021-07-12,89700.0,0,0.0,73.72262773722628,59.581745738108175,88602.78119346863,73.07692307692307,85741.56675970866,87000.0
2021-07-13,87000.0,2207400,0.0,61.963190184049076,59.95563775159396,88389.07703433948,47.11538461538461,85711.35785841415,87000.0
2021-07-14,87000.0,0,0.0,63.92405063291139,65.0876138424282,88203.86676309422,43.87755102040816,86103.23236618115,85400.0
2021-07-15,85400.0,2714600,0.0,54.93827160493827,56.18711968823983,87830.01786134833,23.655913978494624,86233.07916180143,85400.0
2021-07-16,85400.0,0,0.0,49.30555555555555,48.66199457899567,87506.01547983523,8.974358974358974,86566.83527356124,84700.0
2021-07-19,84700.0,3288800,0.0,47.651006711409394,45.59464281062756,87131.88008252386,2.5,86751.09057041974,86800.0
2021-07-20,86800.0,2553700,0.0,43.47826086956522,39.32835380441282,87087.62940485401,33.72093023255814,87286.55627214158,86600.0
2021-07-21,86600.0,3369200,0.0,44.77611940298508,36.41952685104135,87022.6121508735,31.3953488372093,87416.45988030046,89400.0
2021-07-22,89400.0,4445600,0.0,51.63398692810458,43.33976574580215,87339.5971974237,63.95348837209303,87955.2096740382,90500.0
2021-07-23,90500.0,6755700,0.0,44.77611940298508,49.26114453084347,87760.98423776722,73.33333333333333,88173.07060638866,93700.0
2021-07-26,93700.0,5773100,0.0,55.421686746987945,58.23922338746429,88552.85300606492,98.0,88675.27230331462,93200.0
2021-07-27,93200.0,5007000,0.0,53.801169590643276,50.42302487413128,89172.47260525628,84.54545454545455,88606.29155176156,92000.0
2021-07-28,92000.0,3346700,0.0,50.27322404371585,46.31563775552056,89549.47625788877,73.63636363636363,88448.5082337489,93400.0
2021-07-29,93400.0,3712900,0.0,60.57142857142857,54.26817007905822,90062.8794235036,86.36363636363636,88710.81824702682,94000.0
2021-07-30,94000.0,4525900,0.0,61.87845303867403,58.78283800489154,90587.82883370313,91.81818181818183,88867.87581408992,94000.0
2021-08-02,94000.0,0,0.0,72.72727272727272,61.50992097586049,91042.78498920938,91.81818181818183,88986.4368166557,95800.0
2021-08-03,95800.0,3607200,0.0,75.5813953488372,64.4848256014852,91677.08032398146,98.34710743801654,89425.30079665717,95800.0
2021-08-04,95800.0,0,0.0,83.33333333333333,68.03020648063918,92226.80294745059,98.34710743801654,89652.87180154734,96600.0
2021-08-05,96600.0,2485600,0.0,84.14634146341463,69.74214756050871,92809.89588779051,96.94656488549617,90068.32222800769,96600.0
2021-08-06,96600.0,3413900,0.0,87.89808917197452,76.28162570429879,93315.24310275177,95.48872180451127,90429.21259760667,97500.0
2021-08-09,97500.0,2934500,0.0,86.89655172413794,76.62119214486304,93873.21068905154,98.27586206896551,90969.53980681468,97500.0
2021-08-10,97500.0,0,0.0,88.1118881118881,81.85323716730798,94356.78259717801,98.26086956521739,91415.2678325727,96100.0
2021-08-11,96100.0,4883200,0.0,75.96899224806202,71.36786382393538,94589.21158422095,81.31868131868131,91668.06545489636,93800.0
2021-08-12,93800.0,8399400,0.0,61.70212765957447,55.05815691309497,94483.9833729915,47.368421052631575,91790.26783868797,95000.0
2021-08-13,95000.0,3618700,0.0,55.37190082644628,53.062796124528674,94552.78558992597,54.09836065573771,92397.84323797401,94600.0
2021-08-16,94600.0,1906800,0.0,55.833333333333336,56.8186956478254,94559.0808446025,47.540983606557376,92714.07525068858,94600.0
2021-08-17,94600.0,0,0.0,62.03703703703703,61.50138314433303,94564.53673198883,47.540983606557376,93068.47632837456,94000.0
2021-08-18,94000.0,1951000,0.0,53.0,54.6554372478843,94489.26516772366,24.0,93296.95726236908,94500.0
2021-08-19,94500.0,2721600,0.0,52.52525252525253,52.434007207896286,94490.69647869383,31.25,93653.64073849763,92800.0
2021-08-20,92800.0,4349300,0.0,44.827586206896555,46.903732060543476,94265.27028153466,25.37313432835821,93642.76641780905,91000.0
2021-08-23,91000.0,3436600,0.0,29.310344827586206,38.20787623773604,93829.90091066336,0.0,93572.06422876785,91900.0
2021-08-24,91900.0,3081500,0.0,34.400000000000006,42.46650339342999,93572.58078924158,25.31645569620253,93851.45566493215,91900.0
2021-08-25,91900.0,1344000,0.0,29.914529914529908,40.78770764597226,93349.5700173427,25.31645569620253,93923.70602071896,91400.0
2021-08-26,91400.0,1758700,0.0,28.688524590163937,33.91350887806668,93089.62734836369,18.9873417721519,93866.93410684532,92000.0
2021-08-27,92000.0,1896200,0.0,26.890756302521012,31.920073070731704,92944.3437019152,26.582278481012654,93919.84289259929,92200.0
2021-08-30,92200.0,1494800,0.0,28.099173553719012,34.37996322240828,92845.09787499318,29.11392405063291,93860.08606247495,92400.0
2021-08-31,92400.0,1952500,0.0,33.027522935779814,42.33003909445755,92785.75149166076,40.98360655737705,93773.57458747827,92400.0
2021-09-01,92400.0,1353300,0.0,41.860465116279066,56.565455257487976,92734.31795943933,47.16981132075472,93657.4868647034,92400.0
2021-09-02,92400.0,0,0.0,32.432432432432435,50.68992805104255,92689.74223151409,47.16981132075472,93532.32194940961,92400.0
2021-09-03,92400.0,0,0.0,34.28571428571429,54.59815461935631,92651.10993397888,49.01960784313725,93403.06791171056,93500.0
2021-09-07,93500.0,2290600,0.0,43.20987654320988,58.423227777624255,92764.29527611504,66.66666666666666,93435.26996792693,93500.0
2021-09-08,93500.0,0,0.0,46.666666666666664,62.94659028454546,92862.38923929971,66.66666666666666,93305.06730553668,93200.0
2021-09-09,93200.0,1393700,0.0,41.0958904109589,55.06788028330244,92907.40400739308,61.111111111111114,93137.78055368733,93500.0
2021-09-10,93500.0,1440100,0.0,55.932203389830505,69.37482493999633,92986.41680640735,66.66666666666666,93083.4098131957,93000.0
2021-09-13,93000.0,1600000,0.0,71.73913043478261,75.69310498066764,92988.22789888637,57.407407407407405,92943.06628254738,93800.0
2021-09-14,93800.0,2523200,0.0,71.11111111111111,75.08198416490927,93096.46417903485,68.08510638297872,93021.5463337633,94100.0
2021-09-15,94100.0,1690100,0.0,72.91666666666667,75.57112422360102,93230.26895516354,74.46808510638297,93040.95126703932,94700.0
2021-09-16,94700.0,1924700,0.0,83.6734693877551,84.6963555446163,93426.23309447507,87.2340425531915,93131.4355425452,95700.0
2021-09-17,95700.0,3325700,0.0,84.90566037735849,85.82853338238498,93729.40201521173,74.0,93301.68858131694,94400.0
2021-09-20,94400.0,2526100,0.0,67.1875,74.95595845700464,93818.81507985017,48.0,93147.85232603023,94400.0
2021-09-21,94400.0,0,0.0,66.12903225806451,72.56423680186009,93896.30640253682,46.93877551020408,93214.6942381151,94400.0
2021-09-22,94400.0,0,0.0,66.12903225806451,70.62021371857982,93963.46554886525,43.47826086956522,93291.51278414422,93100.0
2021-09-23,93100.0,1394200,0.0,54.66666666666667,65.77704458632473,93848.33680901655,15.217391304347828,93181.97774625832,92700.0
2021-09-24,92700.0,144900000,0.0,51.89873417721519,8.126135031649767,93695.22523448101,0.0,93214.93626897944,92100.0
2021-09-27,92100.0,1546100,0.0,40.54054054054053,6.7540770456577235,93482.5285365502,0.0,93201.72254422662,93000.0
2021-09-28,93000.0,1393500,0.0,46.98795180722891,7.534064585022918,93418.19139834351,27.27272727272727,93395.7150938853,93200.0
2021-09-29,93200.0,1177400,0.0,50.0,8.255416744272381,93389.09921189772,30.909090909090907,93466.45308136726,93000.0
2021-09-30,93000.0,996900,0.0,46.91358024691358,7.3981524997723085,93337.21931697802,27.27272727272727,93467.03711496275,92900.0
2021-10-01,92900.0,1055400,0.0,49.350649350649356,7.42296685946414,93278.92340804763,25.454545454545453,93480.43216630105,94600.0
2021-10-04,94600.0,227780000,0.0,54.651162790697676,61.1891907746475,93455.06695364128,56.36363636363636,93752.48565523869,94400.0
2021-10-05,94400.0,1392800,0.0,51.76470588235294,60.79828193565041,93581.05802648912,52.72727272727272,93725.93201231795,94400.0
2021-10-06,94400.0,0,0.0,48.10126582278481,60.60145530393308,93690.25028962392,52.72727272727272,93727.97441067558,94300.0
2021-10-07,94300.0,1497000,0.0,39.99999999999999,60.01547774929211,93771.55025100739,59.57446808510638,93702.46671147438,94300.0
2021-10-08,94300.0,0,0.0,49.12280701754386,60.416696337026394,93842.01021753973,62.22222222222222,93693.36003883336,94300.0
2021-10-11,94300.0,0,0.0,49.12280701754386,60.416696337026394,93903.07552186777,62.22222222222222,93684.52314476669,99000.0
2021-10-12,99000.0,1125300,0.0,72.11538461538461,60.53916694838675,94582.6654522854,97.40259740259741,94380.9200587978,99400.0
2021-10-13,99400.0,3232500,0.0,83.15789473684211,61.10895196150998,95224.976725314,79.0,94444.79738429144,99400.0
2021-10-14,99400.0,0,0.0,86.81318681318682,97.32347977976178,95781.64649527213,79.0,94507.65773305256,98900.0
2021-10-15,98900.0,1702500,0.0,87.77777777777777,97.21363338980319,96197.42696256918,74.0,94556.08114642336,98900.0
2021-10-18,98900.0,0,0.0,86.41975308641975,97.19774368394381,96557.77003422663,71.73913043478261,94723.49254912246,98600.0
2021-10-19,98600.0,1534300,0.0,82.92682926829268,96.53290039660439,96830.06736299643,68.13186813186813,94877.41576479502,97600.0
2021-10-20,97600.0,2248600,0.0,75.55555555555556,95.99401086406971,96932.72504793023,57.14285714285714,94955.53810726681,96700.0
2021-10-21,96700.0,2283600,0.0,69.38775510204081,95.47323348962999,96901.69504153953,47.25274725274725,95072.07747074234,96200.0
2021-10-22,96200.0,2023400,0.0,59.30232558139535,26.04763817782616,96808.1357026676,28.37837837837838,95243.41158575445,96200.0
2021-10-25,96200.0,0,0.0,60.714285714285715,28.293467222100844,96727.05094231192,28.37837837837838,95478.62337432054,96200.0
2021-10-26,96200.0,0,0.0,60.714285714285715,28.293467222100844,96656.777483337,28.37837837837838,95699.4735910778,96200.0
2021-10-27,96200.0,0,0.0,61.44578313253012,31.16758382054249,96595.87381889208,26.38888888888889,95908.82155671188,98000.0
2021-10-28,98000.0,1644700,0.0,68.31683168316832,38.3012925761451,96783.09064303982,51.388888888888886,96378.20090470587,96900.0
2021-10-29,96900.0,2382700,0.0,61.60714285714286,33.32800486188175,96798.67855730117,14.814814814814813,96403.9407840784,96900.0
2021-11-01,96900.0,0,0.0,33.846153846153854,28.894310854820105,96812.18808299435,14.814814814814813,96559.80423509017,97000.0
2021-11-02,97000.0,2109100,0.0,30.645161290322577,23.416373682452715,96837.22967192843,32.608695652173914,96686.27478152259,96100.0
2021-11-03,96100.0,2680100,0.0,26.760563380281695,20.089866178419285,96738.93238233798,18.367346938775512,96624.2714773196,96000.0
2021-11-04,96000.0,1761300,0.0,28.358208955223873,20.083170293558283,96640.40806469292,18.6046511627907,96654.5908358992,97600.0
2021-11-05,97600.0,2169900,0.0,42.16867469879518,28.411418025033214,96768.3536560672,55.81395348837209,96907.42316889043,97400.0
2021-11-08,97400.0,1687900,0.0,42.6829268292683,28.22689024371205,96852.57316859158,51.162790697674424,96863.98896859394,96400.0
2021-11-09,96400.0,1845900,0.0,42.6829268292683,28.817193289766664,96792.23007944603,36.36363636363637,96702.34599500363,97000.0
2021-11-10,97000.0,1592400,0.0,51.89873417721519,37.83018976076256,96819.93273551989,54.54545454545454,96788.86652900315,96000.0
2021-11-11,96000.0,2122200,0.0,48.80952380952381,37.64231238144878,96710.60837078391,24.242424242424242,96637.7398806916,98000.0
2021-11-12,98000.0,2240300,0.0,58.65384615384615,43.95869356064235,96882.5272546794,84.84848484848484,96944.31900771051,97300.0
2021-11-15,97300.0,1908900,0.0,54.95495495495495,40.45510631929259,96938.19028738882,63.63636363636363,96843.13202890469,98300.0
2021-11-16,98300.0,3506200,0.0,58.67768595041322,48.092860663387384,97119.76491573699,72.09302325581395,97013.43664727295,98300.0
2021-11-17,98300.0,1186200,0.0,51.456310679611654,47.21909732870979,97277.12959363873,72.09302325581395,97024.42287208102,96500.0
2021-11-18,96500.0,2005000,0.0,48.18181818181818,47.8867310583301,97173.51231448691,30.23255813953488,96777.16648913686,95300.0
2021-11-19,95300.0,2481300,0.0,43.44262295081967,43.86943146288224,96923.71067255533,4.545454545454546,96630.09984614085,95000.0
2021-11-22,95000.0,1670100,0.0,41.935483870967744,37.302180660749926,96667.21591621463,0.0,96608.91986665543,96600.0
2021-11-23,96600.0,1150800,0.0,51.90839694656488,43.53636892083814,96658.25379405268,36.95652173913043,96862.00832887912,97900.0
2021-11-24,97900.0,2445600,0.0,56.64335664335665,51.20014273070344,96823.81995484566,65.21739130434783,97058.9072183619,98900.0
2021-11-26,98900.0,1996200,0.0,54.744525547445264,50.981235884758746,97100.64396086625,67.79661016949152,97201.10847813588,98100.0
2021-11-29,98100.0,1993000,0.0,52.44755244755245,50.41008851332745,97233.89143275075,54.23728813559322,97079.07179216223,97100.0
2021-11-30,97100.0,2563100,0.0,52.44755244755245,49.126624056559336,97216.03924171733,37.28813559322034,96950.91777542948,98200.0
2021-12-01,98200.0,1254900,0.0,54.054054054054056,48.55718456249354,97347.23400948835,55.932203389830505,97145.23984981666,97200.0
2021-12-02,97200.0,952900,0.0,54.054054054054056,50.59684120671228,97327.60280822324,38.983050847457626,97031.04120317446,95500.0
2021-12-03,95500.0,2009700,0.0,41.379310344827594,42.81426281469458,97083.92243379347,10.16949152542373,96808.95793164008,94500.0
2021-12-06,94500.0,2393800,0.0,40.54054054054053,42.15899702588282,96739.39944262101,4.545454545454546,96686.54131853253,96000.0
2021-12-07,96000.0,1451000,0.0,42.48366013071896,37.35629294333785,96640.81285027154,27.27272727272727,96909.00247606153,95600.0
2021-12-08,95600.0,1064800,0.0,41.40127388535032,32.84739943562995,96502.03780356867,21.21212121212121,96810.91325703112,97000.0
2021-12-09,97000.0,993100,0.0,51.63398692810458,38.274957925430414,96568.43276309285,42.42424242424242,96983.18037831585,95800.0
2021-12-10,95800.0,1160000,0.0,51.63398692810458,40.446785764903865,96465.97506134713,24.242424242424242,96773.31188342928,96000.0
2021-12-13,96000.0,900200,0.0,53.28947368421052,45.80119104551283,96403.84505316752,27.27272727272727,96796.31474341651,95700.0
2021-12-14,95700.0,1144500,0.0,46.76258992805756,40.71041166414385,96309.99904607852,22.727272727272727,96737.69499984986,95900.0
2021-12-15,95900.0,808400,0.0,42.1875,35.941478927685864,96255.3325066014,25.757575757575758,96737.94677764767,95500.0
2021-12-16,95500.0,1245000,0.0,36.0655737704918,27.089292029623152,96154.62150572121,27.659574468085108,96621.94276285017,96400.0
2021-12-17,96400.0,1152100,0.0,43.08943089430894,34.3710087795567,96187.33863829171,50.0,96687.62817224796,95800.0
2021-12-20,95800.0,1019800,0.0,44.53781512605042,37.47178782890339,96135.69348651948,36.36363636363637,96522.44441594824,95200.0
2021-12-21,95200.0,1112300,0.0,36.8421052631579,30.49367688528838,96010.93435498355,24.390243902439025,96350.28516048845,95000.0
2021-12-22,95000.0,1670500,0.0,39.62264150943396,29.338931317873815,95876.14310765242,22.22222222222222,96235.85825020111,93200.0
2021-12-23,93200.0,1930300,0.0,39.25233644859813,29.55233790271383,95519.32402663211,4.444444444444445,95889.85492795207,94500.0
2021-12-27,94500.0,793700,0.0,50.0,37.191387696237015,95383.4141564145,33.33333333333333,96023.70760422513,94500.0
2021-12-28,94500.0,567300,0.0,42.10526315789474,33.598925091081355,95265.6256022259,33.33333333333333,95944.26881255067,93600.0
2021-12-29,93600.0,912200,0.0,39.99999999999999,33.96834883218517,95043.54218859579,13.333333333333334,95730.03297087725,93600.0
2021-12-30,93600.0,810800,0.0,30.232558139534888,33.07331939652089,94851.06989678302,13.333333333333334,95637.75079698252,93000.0
2021-12-31,93000.0,1607400,0.0,32.5,32.21113490005412,94604.26057721196,0.0,95446.99513516261,93500.0
2022-01-04,93500.0,1935000,0.0,34.93975903614458,36.27007047955491,94457.0258335837,11.11111111111111,95412.00689491871,93600.0
2022-01-05,93600.0,1193800,0.0,37.037037037037045,43.27877460076353,94342.75572243921,13.333333333333334,95306.183753374,93500.0
2022-01-06,93500.0,1192400,0.0,35.0,37.57820090843173,94230.38829278066,11.11111111111111,95163.80369736857,93400.0
2022-01-07,93400.0,1016800,0.0,36.36363636363636,38.16156951577079,94119.66985374324,10.0,95020.46320438612,92000.0
2022-01-10,92000.0,1882400,0.0,23.170731707317074,30.01704212344295,93837.04720657748,2.1739130434782608,94671.84588824575,89500.0
2022-01-11,89500.0,2509300,0.0,18.811881188118804,27.85519635037997,93258.77424570048,5.88235294117647,94154.04421425742,89600.0
2022-01-12,89600.0,1740700,0.0,20.83333333333333,35.589736054058875,92770.93767960709,15.942028985507244,94015.06054124533,92100.0
2022-01-13,92100.0,1811800,0.0,37.81512605042017,44.44751214700462,92681.47932232615,55.38461538461539,94204.6635801904,91300.0
2022-01-14,91300.0,686700,0.0,41.28440366972477,47.491023229308254,92497.28207934933,43.07692307692308,93889.98621394282,88100.0
2022-01-18,88100.0,1209900,0.0,25.0,42.36077492479132,91910.97780210276,1.4492753623188406,93218.59916319487,88300.0
2022-01-19,88300.0,744900,0.0,26.15384615384616,42.761754268300216,91429.51409515573,4.411764705882353,93052.50816365777,88800.0
2022-01-20,88800.0,1334600,0.0,30.95238095238095,48.57984979823865,91078.91221580163,12.5,92905.61818628118,88200.0
2022-01-21,88200.0,841200,0.0,29.545454545454547,44.39779744931243,90695.05725369474,3.125,92573.25798366591,85300.0
2022-01-24,85300.0,2024200,0.0,25.161290322580655,43.80513165373873,89975.71628653545,3.260869565217391,91888.54580806603,86500.0
2022-01-25,86500.0,1192600,0.0,28.395061728395063,41.27549174550169,89512.28744833072,24.509803921568626,91802.07303365723,86000.0
2022-01-26,86000.0,913600,0.0,27.10843373493975,35.54675034708305,89043.98245521997,20.0,91417.74107361403,85900.0
2022-01-27,85900.0,719600,0.0,27.10843373493975,36.61009756653424,88624.78479452398,19.587628865979383,91068.54226379885,89500.0
2022-01-28,89500.0,1552300,0.0,40.298507462686565,43.73715934649405,88741.48015525412,57.89473684210527,91249.01440640345,89500.0
2022-01-31,89500.0,0,0.0,43.31550802139037,48.70348910156137,88842.61613455357,63.2183908045977,90879.81248554964,89500.0
2022-02-07,89500.0,518400,0.0,50.0,58.618110929085894,88930.26731661308,63.2183908045977,90559.83748747634,90600.0
2022-02-08,90600.0,845100,0.0,52.906976744186046,56.04079278851087,89152.89834106468,75.86206896551724,90446.58137803509,90700.0
2022-02-09,90700.0,1142700,0.0,45.270270270270274,53.79665629531117,89359.17856225606,82.71604938271605,90195.8705276304,92000.0
2022-02-10,92000.0,974900,0.0,52.287581699346404,59.85079703378413,89711.28808728859,100.0,90153.97667950191,91600.0
2022-02-11,91600.0,641600,0.0,64.0,62.27854409806907,89963.11634231677,90.47619047619048,89913.2242333461,91000.0
2022-02-14,91000.0,774100,0.0,60.46511627906977,56.52259565215333,90101.36749667453,83.33333333333334,89701.51655778884,91000.0
2022-02-15,91000.0,0,0.0,58.87096774193549,51.69862944424584,90221.1851637846,83.33333333333334,89622.48101675035,91300.0
2022-02-16,91300.0,614200,0.0,62.8099173553719,57.92539472566782,90365.02714194664,85.88235294117646,89625.42799229472,92800.0
2022-02-17,92800.0,853700,0.0,85.04672897196262,71.90117286552548,90689.69018968708,100.0,89867.81537109987,92200.0
2022-02-18,92200.0,618800,0.0,78.21782178217822,64.27285334203454,90891.06483106213,91.8918918918919,89838.21776606432,92900.0
2022-02-22,92900.0,1158200,0.0,83.49514563106796,73.69909544650288,91158.9228535872,94.9367088607595,90059.78873058909,93000.0
2022-02-23,93000.0,973800,0.0,84.46601941747574,80.84126617629244,91404.39980644223,88.75,90235.31689984389,92000.0
2022-02-24,92000.0,1349600,0.0,66.23376623376623,67.66288857836298,91483.81316558328,61.224489795918366,90256.55242430912,92300.0
2022-02-25,92300.0,1059900,0.0,67.5,70.66352864262386,91592.63807683885,67.3469387755102,90483.01210106793,93300.0
2022-02-28,93300.0,1504600,0.0,71.11111111111111,73.04771694595607,91820.28633326034,86.36363636363636,90813.88826536998,93400.0
2022-03-01,93400.0,1101900,0.0,67.5,73.64772893070632,92030.91482215896,85.0,91001.70316332065,93100.0
