Date,Close,Volume,RSI,MFI,EMA,SO,MACD,Next Day Price
2019-04-01,92400.0,334480,50.23696682464455,46.91685764854868,91671.45855948741,57.647058823529406,92340.12355928858,92200.0
2019-04-02,92200.0,359690,45.40816326530612,38.60237668118872,91741.93075155574,61.038961038961034,92241.60708471677,92000.0
2019-04-03,92000.0,281350,44.94949494949495,34.159414061717584,91776.33998468165,58.44155844155844,92137.11502897675,92000.0
2019-04-04,92000.0,489550,46.596858638743456,45.601085828788335,91806.16132005744,58.44155844155844,92062.16635844651,92600.0
2019-04-05,92600.0,454260,45.45454545454546,42.10466705131812,91912.00647738313,66.23376623376623,92065.48862176476,94600.0
2019-04-08,94600.0,657320,51.470588235294116,51.397269414119805,92270.40561373204,100.0,92271.47902775166,93800.0
2019-04-09,93800.0,973210,54.123711340206185,51.77095646472666,92474.3515319011,74.11764705882354,92073.78182405146,92500.0
2019-04-10,92500.0,328400,62.874251497005986,55.723135796295146,92477.77132764763,58.82352941176471,91871.88869195571,93500.0
2019-04-11,93500.0,233360,58.10810810810811,51.77917658693361,92614.06848396128,70.58823529411765,92041.4146441394,93300.0
2019-04-12,93300.0,299590,66.66666666666666,55.005520051991255,92705.5260194331,58.46153846153847,92061.39269158748,93300.0
2019-04-15,93300.0,0,64.16666666666666,51.00583201514639,92784.78921684202,55.73770491803278,92138.70699937582,91000.0
2019-04-16,91000.0,913790,53.19148936170213,42.19667720981139,92546.81732126308,39.02439024390244,91890.93495501459,89800.0
2019-04-17,89800.0,761350,36.58536585365854,30.568369894682945,92180.57501176134,24.390243902439025,91797.08807212376,89000.0
2019-04-18,89000.0,609680,39.130434782608695,32.70251438659447,91756.4983435265,14.634146341463413,91747.03188472948,90000.0
2019-04-22,90000.0,211620,39.655172413793096,31.361300195443448,91522.29856438964,26.82926829268293,91933.09430009889,89000.0
2019-04-23,89000.0,494910,37.09677419354839,30.807048419877617,91185.9920891377,14.634146341463413,91784.12617119681,89700.0
2019-04-24,89700.0,629420,41.08527131782945,38.09512209991682,90987.859810586,23.170731707317074,91871.13157059281,90200.0
2019-04-25,90200.0,680080,43.28358208955223,39.60072040308483,90882.8118358412,29.268292682926827,91902.20291673599,92000.0
2019-04-26,92000.0,1070350,47.945205479452056,44.28215143306884,91031.77025772905,51.21951219512195,92106.74252783785,92000.0
2019-04-29,92000.0,0,39.682539682539684,39.03709685307156,91160.86755669852,51.21951219512195,92008.45463523724,92000.0
2019-04-30,92000.0,0,42.37288135593221,45.3824815753445,91272.75188247206,70.0,91906.2717949834,92000.0
2019-05-01,92000.0,0,47.61904761904762,47.974822497710186,91369.71829814246,70.0,91812.99111120784,91400.0
2019-05-02,91400.0,452510,39.6039603960396,42.341998834357526,91373.75585839014,62.06896551724138,91627.981185269,90400.0
2019-05-03,90400.0,621150,36.69724770642201,40.26260452443363,91243.92174393812,47.27272727272727,91383.36147167759,89000.0
2019-05-06,89000.0,522550,32.52032520325203,37.27793209044791,90944.7321780797,26.666666666666668,91073.41327545392,87900.0
2019-05-07,87900.0,576290,36.036036036036045,39.24209130885258,90538.76788766908,4.3478260869565215,90816.12483872673,85600.0
2019-05-08,85600.0,894240,32.786885245901644,38.71595023593826,89880.26550264654,2.898550724637681,90383.58597134094,84500.0
2019-05-09,84500.0,983320,32.0,36.9594608416432,89162.89676896035,10.344827586206897,90132.33006405104,84000.0
2019-05-10,84000.0,980260,25.0,30.858625818288246,88474.51053309898,4.597701149425287,89941.01938884423,85000.0
2019-05-13,85000.0,691670,33.33333333333333,38.45508762235911,88011.24246201912,16.091954022988507,89947.71680366503,85000.0
2019-05-14,85000.0,1322520,29.203539823008853,42.92843593994229,87609.74346708323,16.091954022988507,89769.6878965097,86000.0
2019-05-15,86000.0,1134300,32.203389830508485,45.5012191757392,87395.11100480547,27.586206896551722,89716.28506586395,87000.0
2019-05-16,87000.0,953330,27.272727272727266,44.45442413088384,87342.42953749807,39.08045977011494,89623.89150152654,86700.0
2019-05-17,86700.0,791790,26.54867256637168,40.89954263494174,87256.77226583166,35.63218390804598,89312.15041243412,86800.0
2019-05-20,86800.0,638340,27.192982456140356,44.4711792017559,87195.8692970541,36.7816091954023,89048.75257966513,86700.0
2019-05-21,86700.0,1056700,26.956521739130437,40.39711269486441,87129.75339078023,35.63218390804598,88742.41890237645,86500.0
2019-05-22,86500.0,702510,27.927927927927925,39.6244736656106,87045.78627200953,35.36585365853659,88416.48527094847,86500.0
2019-05-23,86500.0,377180,30.693069306930695,43.823521164857546,86973.01476907493,45.3125,88125.0650125998,84500.0
2019-05-24,84500.0,854870,28.971962616822438,42.703788148497146,86643.27946653162,14.516129032258066,87548.88967758649,83500.0
2019-05-28,83500.0,1436600,29.245283018867923,39.998132677057086,86224.17553766073,0.0,87146.31549835273,83600.0
2019-05-29,83600.0,921510,38.095238095238095,47.02521257324825,85874.28546597264,4.25531914893617,86932.02898746126,82600.0
2019-05-30,82600.0,930290,38.554216867469876,47.28263677252065,85437.71407050962,1.7857142857142856,86573.86956691087,82000.0
2019-05-31,82000.0,720930,38.095238095238095,48.335420661248826,84979.35219444167,14.084507042253522,86299.68695798943,80600.0
2019-06-03,80600.0,527220,25.0,43.500848226216526,84395.43856851613,11.76470588235294,85907.39536359083,80600.0
2019-06-04,80600.0,557890,25.0,39.61295725010096,83889.38009271398,18.478260869565215,85721.07598177873,80600.0
2019-06-05,80600.0,452630,15.384615384615387,35.630147445382136,83450.79608035213,18.478260869565215,85508.59918420824,80300.0
2019-06-06,80300.0,582690,2.81690140845069,27.76520890187699,83030.68993630518,15.217391304347828,85219.00818186937,82200.0
2019-06-07,82200.0,572380,24.13793103448276,33.872926813982545,82919.93127813116,35.869565217391305,85234.41820206457,82000.0
2019-06-10,82000.0,596360,22.727272727272734,27.690999172624828,82797.27377438033,33.69565217391305,84909.38466401152,81900.0
2019-06-11,81900.0,375370,22.727272727272734,29.824296197864015,82677.63727112963,33.33333333333333,84596.1889310322,80000.0
2019-06-12,80000.0,893930,19.04761904761905,29.42618658079745,82320.61896831235,14.102564102564102,84010.25262911682,80000.0
2019-06-13,80000.0,2022580,19.04761904761905,39.00570578161164,82011.2031058707,33.663366336633665,83705.99672301234,79900.0
2019-06-14,79900.0,482820,23.25581395348837,40.49974773262386,81729.70935842127,41.25,83384.80827105515,78000.0
2019-06-17,78000.0,458320,21.05263157894737,44.69346863539179,81232.41477729844,18.421052631578945,82801.38939047002,78000.0
2019-06-18,78000.0,1640620,20.21276595744682,47.8790160581797,80801.42614032532,22.666666666666664,82507.81524951848,78100.0
2019-06-19,78100.0,729570,23.529411764705884,55.75858944848882,80441.23598828194,26.08695652173913,82224.93988291602,78400.0
2019-06-20,78400.0,1561250,28.048780487804876,65.3474272973082,80169.07118984436,31.343283582089555,81974.00345408276,78500.0
2019-06-21,78500.0,3742200,34.78260869565217,76.53884793807673,79946.52836453178,32.83582089552239,81708.9141046495,79500.0
2019-06-24,79500.0,1452270,43.037974683544306,77.88584956817847,79886.99124926089,47.76119402985074,81595.39222402957,79500.0
2019-06-25,79500.0,866490,43.037974683544306,78.45402143467871,79835.39241602611,47.76119402985074,81347.17326082564,79000.0
2019-06-26,79000.0,1174210,41.9753086419753,75.68476931501996,79724.00676055596,40.298507462686565,81049.49460382665,77500.0
2019-06-27,77500.0,815110,19.480519480519476,71.20347098474336,79427.47252581516,17.91044776119403,80606.00643442756,79300.0
2019-06-28,79300.0,928700,35.483870967741936,75.33643598448924,79410.47618903981,52.63157894736842,80658.31668761498,81000.0
2019-07-01,81000.0,1090570,45.87155963302752,78.51361539194764,79622.41269716783,90.38461538461539,80683.09668482188,81100.0
2019-07-02,81100.0,1087630,56.043956043956044,83.79686721844901,79819.42433754545,97.95918367346938,80491.96157129007,82000.0
2019-07-03,82000.0,1517660,60.0,83.37642217094216,80110.16775920606,100.0,80457.75558400695,82000.0
2019-07-05,82000.0,0,60.6060606060606,85.74595955081276,80362.14539131192,100.0,80322.44372836158,82000.0
2019-07-08,82000.0,0,75.0,88.09360722877692,80580.52600580367,100.0,80242.95123124671,82000.0
2019-07-09,82000.0,0,75.0,86.81936146988939,80769.78920502984,100.0,80211.83551152493,82000.0
2019-07-10,82000.0,0,74.68354430379748,86.15506722504549,80933.81731102586,100.0,80221.70188776604,82000.0
2019-07-11,82000.0,0,73.68421052631578,84.47252749000957,81075.97500288908,100.0,80264.25274717502,82000.0
2019-07-12,82000.0,0,73.33333333333333,78.05210328626197,81199.1783358372,100.0,80334.18571421836,82000.0
2019-07-15,82000.0,0,69.23076923076923,73.81044000520876,81305.95455772558,100.0,80418.40539676702,82000.0
2019-07-16,82000.0,0,69.23076923076923,70.38726427552783,81398.49395002883,100.0,80515.0068994203,84000.0
2019-07-17,84000.0,816530,81.25,87.39616944739343,81745.36142335832,83.33333333333334,80927.06153505316,84000.0
2019-07-18,84000.0,513470,100.0,100.0,82045.97990024388,83.33333333333334,81066.6755526016,84500.0
2019-07-19,84500.0,1028110,100.0,100.0,82373.18258021137,83.87096774193549,81307.06325669918,84600.0
2019-07-22,84600.0,471720,100.0,100.0,82670.09156951653,83.63636363636363,81493.7326002504,85800.0
2019-07-23,85800.0,826210,100.0,100.0,83087.41269358099,96.61016949152543,81854.62380910592,85800.0
2019-07-24,85800.0,542990,100.0,100.0,83449.09100110353,80.85106382978722,82035.95174566958,85800.0
2019-07-25,85800.0,0,100.0,100.0,83762.54553428973,80.85106382978722,82228.99151291364,85800.0
2019-07-26,85800.0,0,100.0,100.0,84034.20612971777,80.85106382978722,82432.18153341403,85800.0
2019-07-29,85800.0,0,100.0,100.0,84269.64531242207,80.85106382978722,82644.16844006995,85800.0
2019-07-30,85800.0,0,100.0,100.0,84473.69260409914,80.85106382978722,82863.77931472728,88200.0
2019-07-31,88200.0,991720,100.0,100.0,84970.53359021926,86.11111111111111,83449.99762831921,90500.0
2019-08-01,90500.0,913610,100.0,100.0,85707.79577819003,96.5909090909091,84026.94238898775,90200.0
2019-08-02,90200.0,627380,96.5909090909091,90.32825594846373,86306.75634109804,93.18181818181817,84241.51673712273,85200.0
2019-08-05,85200.0,902620,61.59420289855072,79.58780982749421,86159.18882895164,28.205128205128204,83796.7589499508,85200.0
2019-08-06,85200.0,0,55.08474576271186,77.20143271118192,86031.29698509142,28.205128205128204,84119.85775662404,84000.0
2019-08-07,84000.0,724520,50.0,67.84416297417908,85760.45738707924,9.333333333333334,84231.21005574084,84500.0
2019-08-08,84500.0,556040,50.0,65.58352118088462,85592.39640213535,22.22222222222222,84565.32649275317,84500.0
2019-08-09,84500.0,0,49.6124031007752,62.99175290856779,85446.7435485173,22.22222222222222,84784.22740483053,84200.0
2019-08-12,84200.0,229140,43.33333333333333,54.97926555430271,85280.51107538167,18.51851851851852,84916.66375085313,82900.0
2019-08-13,82900.0,723240,39.097744360902254,43.96634864845666,84963.10959866412,9.195402298850574,84863.1641396283,83000.0
2019-08-14,83000.0,487320,39.55223880597015,48.25832224435759,84701.36165217558,10.344827586206897,84985.68669878897,84000.0
2019-08-15,84000.0,368870,43.75,51.078840914956764,84607.84676521884,30.612244897959183,85201.48402783932,84000.0
2019-08-16,84000.0,0,43.75,51.078840914956764,84526.80052985634,30.612244897959183,85232.06393523853,84000.0
2019-08-19,84000.0,0,43.75,51.078840914956764,84456.56045920883,30.612244897959183,85241.56652165117,84000.0
2019-08-20,84000.0,0,32.5,42.14326343104761,84395.68573131433,30.612244897959183,85210.13542987546,87300.0
2019-08-21,87300.0,548090,37.69230769230769,37.653399181886556,84782.92763380575,68.47826086956522,85616.50626144763,87900.0
2019-08-22,87900.0,380330,41.353383458646626,47.680737269052585,85198.53728263166,76.66666666666667,85571.13875992128,87000.0
2019-08-23,87000.0,582580,59.78260869565217,51.03578518103325,85438.7323116141,85.71428571428571,85338.65359193178,85900.0
2019-08-26,85900.0,375290,53.39805825242718,47.15109601911986,85500.23467006556,70.0,85114.66644634088,86600.0
2019-08-27,86600.0,871250,63.26530612244898,62.873323584272654,85646.87004739016,80.0,85196.87758682878,86800.0
2019-08-28,86800.0,297410,62.10526315789473,60.99687106230401,85800.62070773813,82.85714285714286,85220.3494641405,86800.0
2019-08-29,86800.0,344570,62.10526315789473,63.600021278981465,85933.8712800397,82.85714285714286,85234.52509114398,86800.0
2019-08-30,86800.0,0,64.13043478260869,66.4669527262105,86049.35510936774,82.85714285714286,85271.36619010256,87600.0
2019-09-03,87600.0,243420,77.01149425287356,78.59437289796145,86256.10776145205,94.28571428571428,85460.12847586666,89000.0
2019-09-04,89000.0,862730,80.0,80.39580526435594,86621.96005992511,97.5609756097561,85765.61134575111,89000.0
2019-09-05,89000.0,429760,77.77777777777777,80.74407113177595,86939.03205193511,89.28571428571429,85882.36316631765,88800.0
2019-09-06,88800.0,243750,76.08695652173913,76.8933759257958,87187.1611116771,85.71428571428571,86000.77029969751,88400.0
2019-09-09,88400.0,336920,72.91666666666667,72.14985436404667,87348.87296345348,78.57142857142857,86116.61203751563,88000.0
2019-09-10,88000.0,317650,70.0,68.20255790914031,87435.68990165969,65.21739130434783,86254.34154362464,86300.0
2019-09-11,86300.0,549770,44.047619047619044,58.8589398440586,87284.2645814384,28.26086956521739,86181.0960044747,86900.0
2019-09-12,86900.0,289830,44.047619047619044,58.19421479614486,87233.0293039133,41.30434782608695,86429.56098165586,88000.0
2019-09-13,88000.0,361780,55.81395348837209,67.06045553178488,87335.29206339152,65.21739130434783,86725.28618410174,88500.0
2019-09-16,88500.0,563460,66.25,74.63934237731404,87490.58645493932,74.4186046511628,86923.02580399929,90300.0
2019-09-17,90300.0,921810,70.32967032967034,74.99370900124033,87865.17492761408,96.15384615384616,87312.62236346606,90400.0
2019-09-18,90400.0,437190,70.0,75.6489567225206,88203.1516039322,98.07692307692307,87447.32827055948,90300.0
2019-09-19,90300.0,506070,69.23076923076923,67.90504454477963,88482.73139007458,95.74468085106383,87569.12894559599,89600.0
2019-09-20,89600.0,1032290,64.28571428571428,57.90327678251863,88631.70053806464,80.85106382978722,87616.68953062764,89500.0
2019-09-23,89500.0,267270,60.43956043956044,54.29535538657742,88747.47379965603,78.72340425531915,87759.40870432173,89500.0
2019-09-24,89500.0,286560,53.246753246753244,50.30992054357547,88847.81062636856,78.72340425531915,87901.76532152327,89500.0
2019-09-25,89500.0,227170,53.246753246753244,48.72478215480947,88934.76920951942,78.72340425531915,88029.86327865353,88700.0
2019-09-26,88700.0,533860,49.397590361445786,46.59495624200602,88903.46664825018,61.702127659574465,88027.4926192775,89300.0
2019-09-27,89300.0,384950,55.294117647058826,52.01716197570146,88956.33776181683,74.46808510638297,88229.82693670716,89300.0
2019-09-30,89300.0,491120,58.02469135802469,57.854926785520234,89002.15939357459,74.46808510638297,88333.79445625732,89200.0
2019-10-01,89200.0,231930,72.3076923076923,60.530778830632194,89028.53814109798,70.45454545454545,88437.2329732008,89000.0
2019-10-02,89000.0,462090,67.21311475409836,54.71644556473698,89024.73305561826,65.9090909090909,88532.5463545518,89300.0
2019-10-03,89300.0,327140,62.264150943396224,54.52385075613753,89061.43531486916,64.70588235294117,88697.48461838932,89200.0
2019-10-04,89200.0,428530,57.14285714285714,47.10180257419862,89079.91060621994,56.666666666666664,88791.15333593743,89000.0
2019-10-07,89000.0,481420,30.303030303030297,35.374226384598686,89069.25585872396,50.0,88845.88844670134,88600.0
2019-10-08,88600.0,315010,25.0,28.738996941560956,89006.6884108941,37.93103448275862,88847.9922093634,88500.0
2019-10-09,88500.0,293220,25.0,29.82648839540917,88939.12995610823,34.48275862068966,88874.53769255939,88500.0
2019-10-10,88500.0,359140,31.034482758620683,40.850200150370405,88880.5792952938,40.0,88901.09933355146,88400.0
2019-10-11,88400.0,450000,31.034482758620683,39.46759455775673,88816.5020559213,36.0,88899.67497796685,87900.0
2019-10-14,87900.0,285650,26.470588235294116,34.03552223341916,88694.30178179847,16.0,88826.99609201572,86400.0
2019-10-15,86400.0,643130,18.367346938775512,27.606961727753855,88388.39487755868,14.285714285714285,88593.61883530249,86400.0
2019-10-16,86400.0,630230,21.951219512195124,37.86104148382247,88123.27556055086,23.404255319148938,88578.80299059552,86500.0
2019-10-17,86500.0,688380,11.111111111111114,40.796574887312964,87906.83881914408,25.53191489361702,88553.57370296055,87000.0
2019-10-18,87000.0,327740,21.951219512195124,39.03831674645544,87785.92697659154,40.476190476190474,88566.31943145471,86500.0
2019-10-21,86500.0,484630,20.0,37.51065536068883,87614.47004637933,28.57142857142857,88411.86572948298,86000.0
2019-10-22,86000.0,350630,18.75,38.278544358894905,87399.20737352876,16.666666666666664,88249.1169655519,85900.0
2019-10-23,85900.0,535550,13.043478260869563,31.791860710212916,87199.31305705826,20.0,88131.62359236722,86100.0
2019-10-24,86100.0,543560,17.02127659574468,39.69854378279315,87052.73798278383,27.500000000000004,88042.57378005159,86000.0
2019-10-25,86000.0,681140,17.391304347826093,38.60316298801458,86912.37291841266,25.0,87895.11949826694,86000.0
2019-10-28,86000.0,728480,19.04761904761905,46.728562538265315,86790.72319595765,26.31578947368421,87756.71467627579,87600.0
2019-10-29,87600.0,1014970,42.10526315789474,55.6099442483544,86898.62676982996,72.22222222222221,87853.15271943901,88800.0
2019-10-30,88800.0,737640,52.17391304347826,57.733319601593095,87152.1432005193,92.6829268292683,87885.12124573605,89000.0
2019-10-31,89000.0,1008560,54.285714285714285,65.82917682714887,87398.52410711674,83.33333333333334,87779.27174630457,95200.0
2019-11-01,95200.0,2594030,78.74015748031496,76.05463968131754,88438.7208928345,100.0,88600.03551346397,96000.0
2019-11-04,96000.0,1124510,90.0,82.7342154489465,89446.89144045657,88.0,88649.91966722433,97900.0
2019-11-05,97900.0,1836960,91.36690647482014,84.61195761234593,90573.97258172903,95.55555555555556,88957.26371159441,99400.0
2019-11-06,99400.0,1675310,92.15686274509804,85.92189080017,91750.77623749849,90.0,89291.35077227071,99500.0
2019-11-07,99500.0,2081650,91.94630872483222,87.69272851245158,92784.0060724987,83.8150289017341,89503.83733596797,98500.0
2019-11-08,98500.0,1233370,88.96103896103897,83.05782126638624,93546.13859616553,78.03468208092485,89646.82569117224,98700.0
2019-11-11,98700.0,765160,92.05298013245033,85.49001408599798,94233.3201166768,79.1907514450867,90058.24893234928,97800.0
2019-11-12,97800.0,1380830,87.42138364779875,80.83464311554624,94708.87743445323,73.68421052631578,90372.81574136938,97100.0
2019-11-13,97100.0,1305680,83.53658536585365,74.37871073375561,95027.69377652614,69.23076923076923,90776.4403091868,96400.0
2019-11-14,96400.0,1480640,80.58823529411765,70.87115599276481,95210.66793965599,64.88095238095238,91223.69271240634,96300.0
2019-11-15,96300.0,1018490,80.11695906432749,66.11476836725183,95355.91221436852,61.038961038961034,91792.1447951966,96300.0
2019-11-18,96300.0,1168830,78.06451612903226,66.54344125280024,95481.79058578606,58.9041095890411,92380.9143780593,96500.0
2019-11-19,96500.0,2305620,76.55172413793103,69.14750057194209,95617.55184101459,57.35294117647059,92992.01468320694,96200.0
2019-11-20,96200.0,2010940,74.65753424657534,61.58555757961995,95695.21159554599,53.43511450381679,93519.57939211268,95300.0
2019-11-21,95300.0,3202820,50.53763440860215,48.79450992884734,95642.51671613987,7.894736842105263,93893.07991760877,93500.0
2019-11-22,93500.0,3791930,37.86407766990291,39.47970591507842,95356.84782065457,26.666666666666668,94065.6692619276,93200.0
2019-11-25,93200.0,2300820,22.98850574712644,31.711769252998167,95069.26811123396,24.166666666666668,94379.69113811504,93300.0
2019-11-26,93300.0,3284780,8.219178082191789,35.38550617108548,94833.36569640278,25.0,94650.12120858859,93000.0
2019-11-27,93000.0,2135110,6.666666666666657,27.52685947329401,94588.91693688241,28.125,94766.99393633235,91900.0
2019-11-29,91900.0,2839310,6.578947368421041,26.14415082939354,94230.39467863142,17.02127659574468,94693.17252259914,91900.0
2019-12-02,91900.0,4407620,4.054054054054049,34.065533089575695,93919.67538814723,17.582417582417584,94718.36063069705,92000.0
2019-12-06,92000.0,2525080,6.060606060606062,40.33825001322754,93663.7186697276,18.88888888888889,94699.46810215966,92000.0
2019-12-09,92000.0,625460,6.779661016949149,43.0943013961843,93441.88951376393,18.88888888888889,94620.98346631615,91500.0
2019-12-10,91500.0,1548550,7.017543859649123,43.146616653582576,93182.97091192874,33.65384615384615,94436.40789302957,91100.0
2019-12-11,91100.0,645660,6.666666666666657,43.70825946917807,92905.24145700491,29.807692307692307,94240.83128507006,91200.0
2019-12-12,91200.0,884980,8.1967213114754,43.111027865983715,92677.87592940427,30.76923076923077,94092.9982248385,89100.0
2019-12-13,89100.0,419210,3.749999999999986,38.07244525552026,92200.8258054837,11.956521739130435,93585.87623930449,86100.0
2019-12-16,86100.0,1437780,2.803738317756995,39.01500307182932,91387.38236475254,4.62962962962963,92922.14829628612,85500.0
2019-12-17,85500.0,859640,2.884615384615387,42.580312673341474,90602.39804945221,7.964601769911504,92588.36185678131,83900.0
2019-12-18,83900.0,1339840,2.941176470588232,47.03143197568279,89708.74497619193,8.108108108108109,92067.19138698826,83900.0
2019-12-19,83900.0,1047500,3.030303030303031,53.784782779846466,88934.24564603301,12.068965517241379,91750.78809094538,84200.0
2019-12-20,84200.0,1525190,4.950495049504937,49.66285142973181,88303.01289322862,15.454545454545453,91432.79412326377,83800.0
2019-12-23,83800.0,568720,4.901960784313729,53.71818324476997,87702.61117413147,12.380952380952381,90972.25490682862,83700.0
2019-12-24,83700.0,838840,5.434782608695656,59.88285974006892,87168.92968424727,16.964285714285715,90537.39869702923,84200.0
2019-12-26,84200.0,426570,10.30927835051547,48.35638679064192,86773.07239301431,21.428571428571427,90172.02331520313,84500.0
2019-12-27,84500.0,519680,12.121212121212125,39.510885028222376,86469.99607394575,24.107142857142858,89756.97576206495,85500.0
2019-12-30,85500.0,896520,20.18348623853211,40.5385935314478,86340.66326408631,35.23809523809524,89434.60121601184,84800.0
2019-12-31,84800.0,430660,19.819819819819813,44.67954814725643,86135.24149554147,30.927835051546392,88854.09883165472,84900.0
2020-01-02,84900.0,238600,21.29629629629629,48.50571225272617,85970.54262946927,32.29166666666667,88404.10787632296,85200.0
2020-01-03,85200.0,394470,22.727272727272734,45.91413605727641,85867.80361220671,35.41666666666667,87985.67127059105,83400.0
2020-01-06,83400.0,1025270,23.36448598130842,43.652602806616216,85538.76313057916,23.88059701492537,87274.35954562333,83800.0
2020-01-07,83800.0,590360,35.80246913580247,52.77159589969277,85306.92804650194,38.46153846153847,86943.38938398467,82500.0
2020-01-08,82500.0,553690,32.95454545454545,54.46572296359247,84932.67097363502,26.785714285714285,86389.71524389784,83300.0
2020-01-09,83300.0,421250,46.25,64.17183886660375,84714.98151048369,41.07142857142857,86197.91987804479,84500.0
2020-01-10,84500.0,699780,53.2608695652174,62.820437369246285,84686.31730908588,62.5,86094.4750054166,86300.0
2020-01-13,86300.0,882160,59.81308411214953,60.04942951190454,84901.47500120777,91.37931034482759,86110.32278247217,86300.0
2020-01-14,86300.0,361600,62.13592233009709,65.95141123024237,85087.94500104674,91.37931034482759,85896.66863369811,86300.0
2020-01-15,86300.0,420650,62.745098039215684,74.72303558733613,85249.55233424052,91.37931034482759,85736.05726031614,86100.0
2020-01-16,86100.0,441860,59.5959595959596,69.10022482418829,85362.94535634179,87.93103448275862,85586.69407005177,86000.0
2020-01-17,86000.0,552190,57.731958762886606,62.158149518475405,85447.88597549623,72.46376811594203,85485.24597182265,87500.0
2020-01-21,87500.0,653680,59.80392156862745,61.00877572460479,85721.50117876341,94.20289855072464,85640.99095335741,89400.0
2020-01-22,89400.0,673070,70.17543859649123,67.77446377488556,86211.96768826163,98.82352941176471,85877.30327068754,89400.0
2020-01-23,89400.0,0,69.91150442477877,66.77573354954407,86637.03866316008,98.82352941176471,85859.66283459587,89400.0
2020-01-24,89400.0,0,69.0909090909091,64.97922988138905,87005.43350807208,98.82352941176471,85884.04112331643,89400.0
2020-01-27,89400.0,0,82.6086956521739,75.41135218891247,87324.70904032914,98.82352941176471,85961.83564020759,89400.0
2020-01-28,89400.0,0,81.81818181818181,72.90236034581484,87601.4145016186,98.82352941176471,86082.14644373547,89400.0
2020-01-29,89400.0,0,96.0,80.46181565061801,87841.22590140278,98.52941176470588,86251.58247345962,87400.0
2020-01-30,87400.0,1414000,73.5632183908046,60.40008460697095,87782.39578121575,69.11764705882352,86156.03814366502,87500.0
2020-01-31,87500.0,1284370,69.73684210526315,64.06682577299082,87744.74301038698,60.0,86394.5108356208,85200.0
2020-02-03,85200.0,755310,43.20987654320988,52.116142409024384,87405.44394233539,42.66666666666667,86253.57605753804,85700.0
2020-02-04,85700.0,829790,46.51162790697674,55.25183732937393,87178.05141669068,49.333333333333336,86516.76591653297,86000.0
2020-02-05,86000.0,2410370,48.31460674157304,65.06721196820448,87020.97789446526,53.333333333333336,86714.4749054397,86800.0
2020-02-06,86800.0,484420,53.684210526315795,70.09278906902819,86991.51417520322,64.0,86963.04491804773,87000.0
2020-02-07,87000.0,587610,55.208333333333336,76.29461545635813,86992.64561850946,66.66666666666666,87104.47226230805,86200.0
2020-02-10,86200.0,373600,42.69662921348315,71.30696778556012,86886.95953604153,56.00000000000001,87074.43151622254,86200.0
2020-02-11,86200.0,602090,27.14285714285714,71.00589835212924,86795.36493123599,56.75675675675676,87129.72953628174,86500.0
2020-02-12,86500.0,395320,30.13698630136986,72.2614389130747,86755.98294040453,60.810810810810814,87192.43226477751,86000.0
2020-02-13,86000.0,421050,28.205128205128204,69.09316701326256,86655.18521501726,54.054054054054056,87102.55240725163,87600.0
2020-02-14,87600.0,481520,40.42553191489362,70.5895755320975,86781.16051968164,75.67567567567568,87302.26764184031,86000.0
2020-02-18,86000.0,323870,34.54545454545455,68.38886829080916,86677.00578372409,54.054054054054056,86995.24306737272,86000.0
2020-02-19,86000.0,514110,34.54545454545455,69.87455227080571,86586.73834589422,60.60606060606061,86920.15510283413,86900.0
2020-02-20,86900.0,271380,47.474747474747474,80.94947914330061,86628.50656644166,74.24242424242425,86976.85664467847,86100.0
2020-02-21,86100.0,184170,43.39622641509434,76.3316852269836,86558.03902424945,62.121212121212125,86774.8313142769,84000.0
2020-02-24,84000.0,619380,44.23076923076923,77.54294271994624,86216.96715434952,13.20754716981132,86404.7982501511,83100.0
2020-02-25,83100.0,410300,37.96296296296296,71.4576119788633,85801.37153376959,27.631578947368425,86225.8807056865,80900.0
2020-02-26,80900.0,651880,29.92125984251969,53.47653579364853,85147.85532926698,7.228915662650602,85838.9299449283,80800.0
2020-02-27,80800.0,1280250,25.0,41.0852157103123,84568.14128536472,18.75,85739.62817449342,80400.0
2020-02-28,80400.0,860760,22.950819672131146,31.6421179858621,84012.38911398276,18.81188118811881,85548.95552900541,80500.0
2020-03-02,80500.0,447980,25.217391304347828,37.22093036367758,83544.07056545172,19.801980198019802,85399.7059029158,80500.0
2020-03-03,80500.0,742520,25.217391304347828,38.022722787179575,83138.19449005816,19.801980198019802,85202.57844919371,80500.0
2020-03-04,80500.0,901070,23.214285714285722,41.536831954739725,82786.43522471708,19.801980198019802,84975.06798930123,81000.0
2020-03-05,81000.0,361110,27.67857142857143,46.39439830563368,82548.24386142146,24.752475247524753,84800.94781294995,80900.0
2020-03-06,80900.0,339740,15.463917525773198,40.952343581350114,82328.47801323194,27.27272727272727,84502.98810455661,75300.0
2020-03-09,75300.0,973190,10.948905109489047,38.20704216013673,81391.34761146769,0.0,83370.53413506018,76500.0
2020-03-10,76500.0,1050110,18.12080536912751,41.1182082888463,80739.16792993866,33.74233128834356,83248.9073614966,76500.0
2020-03-11,76500.0,932900,12.857142857142847,44.642848438295644,80173.94553928018,34.59119496855346,82877.94193551928,72000.0
2020-03-12,72000.0,1161120,10.169491525423723,40.99771380301807,79084.08613404282,7.092198581560284,81790.77189967227,72000.0
2020-03-13,72000.0,1337180,11.538461538461533,49.692850613338486,78139.54131617045,29.761904761904763,81362.72453527153,71800.0
2020-03-16,71800.0,968810,12.080536912751683,47.838198533456314,77294.26914068105,30.0,80856.91681945755,69900.0
2020-03-17,69900.0,1095460,12.328767123287676,46.66014664669912,76308.36658859024,20.0,80075.49457686322,69500.0
2020-03-18,69500.0,1707750,12.080536912751683,45.916563372817045,75400.58437677822,17.24137931034483,79500.2619666148,68500.0
2020-03-19,68500.0,1482170,11.612903225806463,44.45117266383063,74480.50645987446,21.21212121212121,78804.56037106614,63800.0
2020-03-20,63800.0,1351550,8.457711442786078,38.76340307720803,73056.4389318912,0.0,77522.73009936843,59400.0
2020-03-23,59400.0,198200,6.938775510204067,34.605193082599726,71235.58040763903,0.0,76249.47719723042,55300.0
2020-03-24,55300.0,2036510,5.944055944055947,26.21968837826998,69110.83635328716,0.0,74945.2691264886,59100.0
2020-03-25,59100.0,1832290,15.673981191222566,31.263342926984947,67776.05817284888,18.95910780669145,74713.95546517901,61000.0
2020-03-26,61000.0,2020820,20.474777448071222,38.926189933478284,66872.58374980236,28.455284552845526,74062.7058475996,60000.0
2020-03-27,60000.0,710770,23.711340206185568,39.9778749247827,65956.23924982871,26.31578947368421,72948.28951236408,55800.0
2020-03-30,55800.0,929820,17.757009345794387,34.05988674322114,64602.074016518214,7.894736842105263,71336.07313293776,55000.0
2020-03-31,55000.0,661010,17.325227963525833,28.820294385039034,63321.79748098246,12.76595744680851,70208.98560410162,54800.0
2020-04-01,54800.0,553900,19.930069930069934,30.291026761192,62185.55781685146,14.000000000000002,69153.17641244363,54800.0
2020-04-02,54800.0,0,19.930069930069934,23.508431738680656,61200.8167746046,14.14141414141414,68103.58622411781,57700.0
2020-04-03,57700.0,940470,27.476038338658157,29.489599006754787,60734.041204657326,29.381443298969074,67468.38583867988,61700.0
2020-04-06,61700.0,534020,37.724550898203596,34.48130121425595,60862.83571070302,53.00546448087432,66998.26772685589,66000.0
2020-04-07,66000.0,902670,45.30831099195711,43.78700530823031,61547.79094927595,80.92485549132948,66604.38758549732,70000.0
2020-04-08,70000.0,950920,51.86104218362282,53.65524480462493,62674.75215603916,100.0,66239.80257409769,69000.0
2020-04-09,69000.0,854470,57.10382513661202,55.633305698238296,63518.118535233945,89.94708994708994,65274.60667532911,67300.0
2020-04-13,67300.0,449470,61.6519174041298,54.34377048361501,64022.369397202754,80.95238095238095,64413.214674174116,68000.0
2020-04-14,68000.0,642490,70.81967213114754,65.58612788417707,64552.72014424238,84.65608465608466,64122.06382872867,67800.0
2020-04-15,67800.0,533620,66.17100371747212,56.52701857903651,64985.69079167673,83.5978835978836,63826.17754045374,67500.0
2020-04-16,67500.0,670940,62.84584980237154,43.10012844126396,65320.93201945317,82.01058201058201,63616.85386839324,68500.0
2020-04-17,68500.0,734070,66.79841897233202,51.009889454393154,65744.80775019275,87.3015873015873,63698.10668594082,68500.0
2020-04-20,68500.0,512370,80.09478672985782,58.623852772684685,66112.16671683372,87.3015873015873,63749.02579448205,68000.0
2020-04-21,68000.0,1213590,81.25,54.33065562752188,66363.87782125588,83.61581920903954,63845.6556885511,65400.0
2020-04-22,65400.0,1303590,72.84482758620689,49.858831866916475,66235.36077842177,65.83850931677019,63733.79048563318,66600.0
2020-04-23,66600.0,1093030,74.18032786885246,54.71813782502438,66283.97934129887,72.61146496815286,64279.507309770976,65000.0
2020-04-24,65000.0,2147870,65.80086580086581,42.650865536730514,66112.78209579235,52.03252032520326,64429.184112912626,64500.0
2020-04-27,64500.0,1235530,57.14285714285714,36.67583656706078,65897.74448302004,27.27272727272727,64738.18178674649,64600.0
2020-04-28,64600.0,3631100,45.45454545454546,47.41236409953988,65724.71188528404,8.695652173913043,65076.53532629141,64600.0
2020-04-29,64600.0,0,26.31578947368422,44.01699123634538,65574.7503005795,8.695652173913043,65304.830616119216,64600.0
2020-04-30,64600.0,0,28.846153846153854,46.794420579728516,65444.78359383557,10.909090909090908,65461.13097841444,64600.0
2020-05-01,64600.0,0,34.48275862068965,48.36273145726496,65332.145781324165,11.11111111111111,65571.09129240362,64900.0
2020-05-04,64900.0,1577040,31.325301204819283,51.45719205213452,65274.52634381428,22.413793103448278,65679.27912008314,63600.0
2020-05-05,63600.0,2397120,27.65957446808511,45.89648040044839,65051.256164639046,3.3333333333333335,65508.819681849825,67000.0
2020-05-06,67000.0,4286630,48.0,59.01595679295737,65311.08867602051,60.0,66015.53261315875,67600.0
2020-05-07,67600.0,1474450,46.28099173553719,60.47716190571662,65616.2768525511,70.0,66056.40604251536,70900.0
2020-05-08,70900.0,3635800,57.79220779220779,65.94537579834515,66320.77327221096,84.26966292134831,66494.66301462441,73500.0
2020-05-11,73500.0,2792640,65.71428571428572,73.12560675502495,67278.00350258284,96.19047619047619,66831.70794600784,73500.0
2020-05-12,73500.0,1769100,77.18120805369128,78.6917346140785,68107.6030355718,96.19047619047619,66837.75799765124,71400.0
2020-05-13,71400.0,3373310,65.18987341772151,68.00581396509847,68546.58929749555,76.19047619047619,66593.16804240886,70600.0
2020-05-14,70600.0,2268270,68.66666666666667,67.30080843947565,68820.37739116281,68.57142857142857,66614.46785897655,70600.0
2020-05-15,70600.0,0,71.0344827586207,70.20091950167631,69057.66040567444,68.57142857142857,66802.09436666858,70600.0
2020-05-18,70600.0,0,70.83333333333333,65.82406570073977,69263.30568491785,68.57142857142857,67021.370673335,74700.0
2020-05-19,74700.0,3688710,77.29729729729729,70.72492514794229,69988.19826026214,100.0,67883.07680577922,74700.0
2020-05-20,74700.0,0,77.29729729729729,70.72492514794229,70616.4384922272,100.0,68153.55545389754,78000.0
2020-05-21,78000.0,2266430,80.73394495412845,73.20896304650557,71600.91335993024,96.68874172185431,68978.35917115567,76500.0
2020-05-22,76500.0,2154460,75.21739130434783,66.29894091729491,72254.12491193955,86.75496688741721,69131.74461500157,77900.0
2020-05-26,77900.0,2996560,80.95238095238095,74.4190948347773,73006.90825701428,96.02649006622516,69805.6786663347,74700.0
2020-05-27,74700.0,3769070,66.8122270742358,61.60895734297313,73232.65382274572,69.10569105691057,69817.47706637897,75000.0
2020-05-28,75000.0,4347270,66.3716814159292,65.17558823071467,73468.29997971296,67.28971962616822,70385.9801241951,76600.0
2020-05-29,76600.0,3942120,63.63636363636363,65.81044800111952,73885.8599824179,76.5432098765432,71115.57166319131,79100.0
2020-06-01,79100.0,3254070,63.46153846153846,66.51883810532448,74581.07865142885,95.6043956043956,71929.05099698802,77800.0
2020-06-02,77800.0,2635920,59.72850678733032,59.638398869681524,75010.26816457167,81.31868131868131,72143.34419738961,77900.0
2020-06-03,77900.0,2655470,66.16915422885572,68.44219472544036,75395.56574262878,82.41758241758241,72585.78719329323,77500.0
2020-06-04,77500.0,3127800,67.51269035532995,66.32673469867271,75676.15697694494,77.52808988764045,72964.23778974301,77500.0
2020-06-05,77500.0,0,67.51269035532995,66.32673469867271,75919.33604668561,77.52808988764045,73413.17275111063,77500.0
2020-06-08,77500.0,0,67.51269035532995,66.32673469867271,76130.09124046085,72.22222222222221,73867.41638429588,77500.0
2020-06-09,77500.0,0,58.97435897435897,62.49868419776922,76312.74574173274,60.78431372549019,74287.53864416754,77500.0
2020-06-10,77500.0,3218980,58.97435897435897,66.02846609079145,76471.0463095017,60.78431372549019,74678.08904716742,76500.0
2020-06-11,76500.0,5714800,44.3609022556391,53.968459437127855,76474.90680156814,41.17647058823529,74861.84384087844,75000.0
2020-06-12,75000.0,3152190,44.3609022556391,52.690046849195866,76278.25256135906,25.0,74935.54243987244,70000.0
2020-06-15,70000.0,3356780,26.62721893491124,44.7724497624081,75441.15221984452,0.0,74431.19233677833,74900.0
2020-06-16,74900.0,3077090,50.53763440860215,53.40511388782623,75368.99859053192,51.578947368421055,75381.9222474301,76000.0
2020-06-17,76000.0,2173040,52.577319587628864,50.69966967634213,75453.13211179433,63.1578947368421,75686.66594777275,76500.0
2020-06-18,76500.0,1636400,49.72677595628415,47.34941460875708,75592.71449688842,68.42105263157895,75866.72159918082,76500.0
2020-06-19,76500.0,1688070,41.77215189873418,44.65190478149609,75713.68589730331,70.65217391304348,75928.49205262338,78300.0
2020-06-22,78300.0,2797780,51.533742331288344,53.21955226940711,76058.52777766286,95.40229885057471,76239.74866782915,77700.0
2020-06-23,77700.0,2146280,49.404761904761905,45.63240223088909,76277.39074064115,88.50574712643679,76172.28217878526,75700.0
2020-06-24,75700.0,2004540,45.10869565217391,47.3704605902415,76200.40530855565,65.51724137931035,75899.36677716946,75500.0
2020-06-25,75500.0,1241690,44.623655913978496,45.56093672996908,76107.01793408157,63.2183908045977,75894.72898465797,75600.0
2020-06-26,75600.0,753970,44.919786096256686,46.80304968837582,76039.41554287069,64.36781609195403,75914.70956448137,74000.0
2020-06-29,74000.0,1068990,41.379310344827594,45.367716671014215,75767.49347048794,45.97701149425287,75660.13717810607,75500.0
2020-06-30,75500.0,2302620,45.41284403669725,43.73158268820921,75731.8276744229,63.2183908045977,75854.56333213637,76900.0
2020-07-01,76900.0,936450,50.90090090090089,54.643436176128105,75887.58398449984,79.3103448275862,76014.45488785152,76900.0
2020-07-02,76900.0,893400,54.589371980676326,62.75536958650916,76022.57278656652,79.3103448275862,75975.74979169355,80800.0
2020-07-06,80800.0,4330280,77.55102040816327,76.26539344640177,76659.56308169098,92.5531914893617,76592.37204168995,80800.0
2020-07-07,80800.0,1414070,70.06802721088435,74.89877725357667,77211.62133746552,87.35632183908046,76638.66688057574,80400.0
2020-07-08,80400.0,800360,65.71428571428572,70.07483040123871,77636.73849247012,82.75862068965517,76664.12240761008,80800.0
2020-07-09,80800.0,1220730,65.46762589928056,69.65248134634787,78058.5066934741,87.35632183908046,76838.7949754843,80800.0
2020-07-10,80800.0,0,65.46762589928056,67.35165550751827,78424.03913434422,87.35632183908046,76975.01120097529,79100.0
2020-07-13,79100.0,988800,52.89855072463768,59.43282186205371,78514.167249765,67.81609195402298,76861.67637417857,80500.0
2020-07-14,80500.0,1461550,59.589041095890416,69.07753013349978,78778.94494979634,83.9080459770115,77223.7306353992,80500.0
2020-07-15,80500.0,0,69.04761904761905,76.85794345382584,79008.41895649016,83.9080459770115,77387.62210623488,81500.0
2020-07-16,81500.0,922350,72.38805970149254,83.48489613675977,79340.62976229149,95.40229885057471,77726.88360318134,80500.0
2020-07-17,80500.0,835720,67.13286713286713,78.62872820889058,79495.21246065262,83.9080459770115,77787.18801164604,79200.0
2020-07-20,79200.0,1361250,68.57142857142857,76.9586756935678,79455.85079923227,64.47368421052632,77845.28516564879,78800.0
2020-07-21,78800.0,2108040,62.7906976744186,64.77746211568848,79368.40402600131,53.03030303030303,78051.8582546734,77500.0
2020-07-22,77500.0,1707150,52.34375,57.02508024353186,79119.28348920113,20.0,78109.61048738362,78800.0
2020-07-23,78800.0,882880,56.737588652482266,57.039599656241606,79076.71235730765,36.734693877551024,78541.60686684359,76000.0
2020-07-24,76000.0,2649390,31.538461538461533,36.63759503544594,78666.48404299996,20.27027027027027,78295.83706237555,70900.0
2020-07-27,70900.0,2662390,22.65193370165747,26.21767662729232,77630.95283726662,0.0,77662.94767628104,75800.0
2020-07-28,75800.0,2561800,39.82300884955752,36.71524672393688,77386.82579229775,45.370370370370374,78470.88798611023,74000.0
2020-07-29,74000.0,1809000,35.83333333333334,29.43178590602541,76935.24901999139,29.245283018867923,78170.60292129553,76600.0
2020-07-30,76600.0,1637120,42.10526315789474,34.72517536928427,76890.5491506592,53.77358490566038,78487.13364290058,77700.0
2020-07-31,77700.0,2417730,47.30769230769231,43.135235009049666,76998.47593057131,64.15094339622641,78540.29360162493,78500.0
2020-08-03,78500.0,1482350,46.06299212598425,43.09487473115373,77198.67913982847,71.69811320754717,78526.5322325194,79000.0
2020-08-04,79000.0,1382760,47.10424710424711,46.40588036756057,77438.855254518,76.41509433962264,78459.1612681835,79600.0
2020-08-05,79600.0,1303680,46.27450980392157,47.20216932650302,77727.00788724892,82.0754716981132,78397.43976575903,79600.0
2020-08-06,79600.0,1072220,48.163265306122454,51.20718405229716,77976.74016894907,85.29411764705883,78251.78113032448,79600.0
2020-08-07,79600.0,1199110,50.862068965517246,56.56642765186991,78193.1748130892,95.6043956043956,78129.32142405899,79600.0
2020-08-10,79600.0,1688770,51.75438596491228,64.6843034483326,78380.7515046773,95.6043956043956,78030.74523418445,79400.0
2020-08-11,79400.0,905140,54.3778801843318,66.87602945316506,78516.65130405367,93.4065934065934,77935.14586962655,79400.0
2020-08-12,79400.0,1497320,51.470588235294116,67.75360397047427,78634.43113017984,93.4065934065934,77885.84864256521,79400.0
2020-08-13,79400.0,2025090,59.659090909090914,78.14297696767447,78736.5069794892,93.4065934065934,77875.23549022319,79700.0
2020-08-14,79700.0,1189750,84.375,88.06033309378219,78864.97271555732,87.62886597938144,77991.31520263788,79700.0
2020-08-17,79700.0,1107050,74.68354430379748,87.30513433553179,78976.30968681636,85.54216867469879,78086.91762006395,79600.0
2020-08-18,79600.0,1425980,95.16129032258064,88.4369580558229,79059.46839524084,81.15942028985508,78208.60638183319,80000.0
2020-08-19,80000.0,1155260,92.5,88.20102062028512,79184.87260920873,85.71428571428571,78416.34775314432,80000.0
2020-08-20,80000.0,2428430,89.65517241379311,88.27862463498408,79293.55626131424,59.25925925925925,78562.33471939174,79500.0
2020-08-21,79500.0,1074330,69.23076923076923,82.51629446633919,79321.082093139,38.63636363636363,78628.02342347284,80000.0
2020-08-24,80000.0,1475240,69.23076923076923,82.62022507585849,79411.60448072047,50.0,78834.39807812091,79600.0
2020-08-25,79600.0,1907340,50.0,73.6633501030222,79436.72388329108,31.57894736842105,78887.31166770478,79500.0
2020-08-26,79500.0,2249680,48.0,64.57497990823515,79445.16069885227,28.947368421052634,78973.94788978859,78500.0
2020-08-27,78500.0,2357000,34.28571428571429,55.99717139097183,79319.13927233864,7.5,78912.03261559457,78600.0
2020-08-28,78600.0,1742840,36.11111111111111,56.067018225745805,79223.25403602682,10.0,79002.42826684864,78500.0
2020-08-31,78500.0,1682380,37.14285714285714,54.236617538932926,79126.82016455659,7.5,79044.27116460215,78700.0
2020-09-01,78700.0,1565620,40.54054054054053,54.340187636400174,79069.91080928237,25.53191489361702,79115.97945376631,78700.0
2020-09-02,78700.0,0,40.54054054054053,50.02184321221204,79020.58936804472,25.53191489361702,79143.62663770858,79600.0
2020-09-03,79600.0,2913590,48.83720930232558,53.75559803508112,79097.84411897209,44.680851063829785,79293.1430860141,80000.0
2020-09-04,80000.0,2171010,53.19148936170213,55.80829802895502,79218.13156977583,53.191489361702125,79356.27956343445,78500.0
2020-09-08,78500.0,1816120,40.98360655737705,54.95035433583331,79122.38069380572,21.27659574468085,79133.9978438654,78600.0
2020-09-09,78600.0,1956880,37.93103448275862,56.31175963493845,79052.72993463163,23.404255319148938,79151.35368690558,78100.0
2020-09-10,78100.0,4229990,34.920634920634924,43.584250469121145,78925.69927668074,19.35483870967742,79064.22875087374,77700.0
2020-09-11,77700.0,2344930,35.483870967741936,41.70443849400254,78762.27270645664,6.451612903225806,78985.22047297946,77500.0
2020-09-14,77500.0,1824670,28.813559322033896,36.05874459885993,78593.96967892909,0.0,78920.8021876933,76800.0
2020-09-15,76800.0,4717630,27.41935483870968,32.98769963609648,78354.77372173854,7.317073170731707,78768.02856266753,76800.0
2020-09-16,76800.0,0,27.86885245901638,35.559049331986515,78147.47055884007,7.317073170731707,78707.73586542298,76700.0
2020-09-17,76700.0,1809830,32.69230769230769,36.29108855284223,77954.47448432806,4.878048780487805,78624.42663892213,76900.0
2020-09-18,76900.0,1791160,33.9622641509434,36.310770339465236,77813.87788641766,9.75609756097561,78578.22530928807,77100.0
2020-09-21,77100.0,1677550,37.037037037037045,42.109965049235335,77718.69416822864,14.634146341463413,78525.18415693854,76800.0
2020-09-22,76800.0,1612500,32.72727272727272,36.64189711286181,77596.20161246482,7.317073170731707,78391.21515823565,77500.0
2020-09-23,77500.0,1398940,40.32258064516129,39.54835703302812,77583.37473080284,24.390243902439025,78403.997581582,77100.0
2020-09-24,77100.0,1704250,28.070175438596493,31.035528620490794,77518.9247666958,14.634146341463413,78237.63123737108,77100.0
2020-09-25,77100.0,919900,22.64150943396227,27.781766428223463,77463.06813113636,14.634146341463413,78121.83596127715,76600.0
2020-09-28,76600.0,2015680,27.906976744186053,27.626242371248537,77347.99238031817,2.4390243902439024,77933.25783310688,75300.0
2020-09-29,75300.0,3772160,20.0,19.39197297061125,77074.92672960908,3.6363636363636362,77625.65678869262,75500.0
2020-09-30,75500.0,1677150,25.0,27.350388795432423,76864.93649899455,12.121212121212121,77543.90255020028,77100.0
2020-10-01,77100.0,1359510,45.31250000000001,33.57601976375636,76896.27829912861,60.60606060606061,77664.38221017356,75900.0
2020-10-02,75900.0,1730820,39.189189189189186,33.74614852520156,76763.44119257813,26.47058823529412,77361.90902659486,76000.0
2020-10-05,76000.0,1080840,44.11764705882353,44.00357752496932,76661.64903356771,29.411764705882355,77273.59893416,76100.0
2020-10-06,76100.0,1505510,44.92753623188406,47.492902007158456,76586.76249575868,32.35294117647059,77190.56352071646,76800.0
2020-10-07,76800.0,2596060,50.66666666666667,56.462501984608764,76615.19416299085,52.94117647058824,77203.98838462094,76600.0
2020-10-08,76600.0,1043430,48.0,50.76397374329885,76613.16827459207,47.05882352941176,77087.06771111592,77000.0
2020-10-09,77000.0,1456580,49.350649350649356,50.292406068207406,76664.7458379798,58.82352941176471,77068.90312741157,77500.0
2020-10-12,77500.0,4265300,54.43037974683545,61.46133869370227,76776.1130595825,59.523809523809526,77074.27159931224,78100.0
2020-10-13,78100.0,1233860,53.846153846153854,61.23368446660138,76952.63131830482,73.80952380952381,77099.2020527373,78500.0
2020-10-14,78500.0,2030870,58.97435897435897,68.1886867343062,77158.94714253084,83.33333333333334,77106.58622348342,77500.0
2020-10-15,77500.0,2689830,52.27272727272727,60.622432398186746,77204.42085686006,59.523809523809526,76920.43028257453,77000.0
2020-10-16,77000.0,1811510,52.27272727272727,61.047057261410856,77177.16474261206,47.61904761904761,76832.03957823126,76100.0
2020-10-19,76100.0,2467450,54.76190476190476,63.907506081183584,77033.54277693047,26.190476190476193,76706.21207891154,76200.0
2020-10-20,76200.0,2257630,54.21686746987952,64.67461070153206,76922.40374000641,28.57142857142857,76743.32824616776,76400.0
2020-10-21,76400.0,1862630,44.92753623188406,65.30499025373334,76852.74990800556,33.33333333333333,76783.05114667873,77500.0
2020-10-22,77500.0,1591870,61.76470588235294,71.27775168716033,76939.04992027149,50.0,76959.31099378824,79500.0
2020-10-23,79500.0,5830890,70.11494252873564,75.57349363513043,77280.50993090196,90.2439024390244,77272.84730572758,78500.0
2020-10-26,78500.0,3668950,62.50000000000001,66.4098916819734,77443.10860678171,50.943396226415096,77147.80099829726,77600.0
2020-10-27,77600.0,2422480,54.08163265306123,59.268950347025225,77464.02745921082,33.9622641509434,77059.92753185761,75600.0
2020-10-28,75600.0,3139990,45.689655172413794,55.959330810157425,77215.49046464938,0.0,76818.71497205437,76200.0
2020-10-29,76200.0,2088330,46.610169491525426,56.66927386889561,77080.09173602947,14.035087719298245,76965.33075355824,76000.0
2020-10-30,76000.0,3013800,43.47826086956522,46.896225345310434,76936.07950455887,17.741935483870968,76966.45331975048,75900.0
2020-11-02,75900.0,1162890,39.99999999999999,43.58220279988951,76797.93557061769,16.129032258064516,76960.48176600598,75800.0
2020-11-03,75800.0,2067320,37.38317757009346,37.90940690057057,76664.87749453534,14.516129032258066,76929.69530831628,75900.0
2020-11-04,75900.0,1825770,41.83673469387755,44.006225748034794,76562.8938285973,16.129032258064516,76915.9026005408,75700.0
2020-11-05,75700.0,1779570,43.15789473684211,44.07989686442798,76447.84131811766,12.903225806451612,76849.61558713535,75700.0
2020-11-06,75700.0,1695290,47.67441860465116,49.915162210012866,76348.12914236863,12.903225806451612,76816.2779532951,78000.0
2020-11-09,78000.0,3746870,58.33333333333333,52.042211723359564,76568.37859005282,50.0,77127.66311507796,77400.0
2020-11-10,77400.0,3627750,54.464285714285715,44.63410887699567,76679.26144471244,40.32258064516129,77001.91914417868,76600.0
2020-11-11,76600.0,2717770,45.87155963302752,39.250056730249,76668.69325208411,27.419354838709676,76855.6632582882,77200.0
2020-11-12,77200.0,1464300,37.89473684210527,31.270897215028654,76739.53415180622,37.096774193548384,76903.07482384978,78300.0
2020-11-13,78300.0,2425260,48.958333333333336,39.94553539397313,76947.59626489872,79.06976744186046,77013.22040289202,76600.0
2020-11-16,76600.0,4096110,45.192307692307686,38.046336690241276,76901.25009624555,39.53488372093023,76706.90212695087,78300.0
2020-11-17,78300.0,2250180,63.366336633663366,45.6891631138527,77087.75008341282,79.06976744186046,76942.92628780186,77300.0
2020-11-18,77300.0,2008090,55.23809523809524,39.64981543911545,77116.05007229111,55.81395348837209,76780.25833831717,77500.0
2020-11-19,77500.0,2451380,57.14285714285714,47.652841921739366,77167.24339598563,55.26315789473685,76821.00167098599,78500.0
2020-11-20,78500.0,2692820,61.40350877192982,53.314556841722,77344.94427652088,81.08108108108108,76993.5347815212,80600.0
2020-11-23,80600.0,5107110,67.91044776119404,62.650504590174435,77778.9517063181,94.33962264150944,77344.11903287392,83800.0
2020-11-24,83800.0,5458900,73.93939393939394,66.23659000247038,78581.75814547569,100.0,77879.51427293516,83500.0
2020-11-25,83500.0,3544000,73.49397590361446,63.08099111164563,79237.52372607893,78.21782178217822,77928.80125876603,83000.0
2020-11-27,83000.0,2024240,71.34502923976608,58.65258785496398,79739.18722926841,72.16494845360825,78012.01664648611,82600.0
2020-11-30,82600.0,3533370,65.13157894736842,50.22603930123879,80120.62893203262,68.04123711340206,78141.0810936213,83300.0
2020-12-01,83300.0,2597660,69.28104575163398,57.55607896546056,80544.54507442827,75.25773195876289,78462.82583669401,85200.0
2020-12-02,85200.0,4703540,76.21951219512195,65.63868567480307,81165.27239783783,93.87755102040816,78992.33794735704,84900.0
2020-12-03,84900.0,1673260,73.91304347826087,61.98243667018311,81663.23607812612,90.81632653061224,79216.85955437609,84900.0
2020-12-04,84900.0,2190950,72.0,61.94533540362818,82094.80460104265,90.81632653061224,79515.61161379263,84700.0
2020-12-07,84700.0,1479390,80.0,65.41336748103629,82442.1639875703,87.91208791208791,79822.91895417584,84400.0
2020-12-08,84400.0,1532530,75.20661157024793,61.10044025407072,82703.20878922759,83.72093023255815,80132.58531584128,85000.0
2020-12-09,85000.0,2136700,82.90598290598291,65.97493422921707,83009.44761733057,90.69767441860465,80599.85171817355,83600.0
2020-12-10,83600.0,2406160,73.64341085271317,60.155542242114635,83088.18793501984,73.17073170731707,80781.98260019485,85000.0
2020-12-11,85000.0,2406180,74.4360902255639,60.06653335728143,83343.09621035053,87.6923076923077,81393.2182535022,87000.0
2020-12-14,87000.0,2974170,74.24242424242425,58.18550844728699,83830.68338230379,100.0,82069.28915303526,86000.0
2020-12-15,86000.0,4050090,60.0,45.727936373519675,84119.92559799663,68.18181818181817,82256.55059929722,86200.0
2020-12-16,86200.0,1812470,62.38532110091743,53.08150792965375,84397.26885159708,71.21212121212122,82611.89940827982,84700.0
2020-12-17,84700.0,4870320,57.14285714285714,49.05934524629197,84437.63300471747,48.484848484848484,82697.20170939805,85300.0
2020-12-18,85300.0,3038890,61.15702479338843,57.630866333387154,84552.61527075514,57.57575757575758,83090.1303703672,87100.0
2020-12-21,87100.0,3322250,64.3939393939394,58.571469953357465,84892.26656798778,79.59183673469387,83635.89076542937,86900.0
2020-12-22,86900.0,2163130,57.39130434782609,49.636793397980995,85159.96435892275,74.46808510638297,83845.827552261,87400.0
2020-12-23,87400.0,3220800,60.68376068376069,56.242763106207455,85458.63577773304,71.42857142857143,84149.55054529286,86300.0
2020-12-24,86300.0,2687430,55.46875,49.768055121927055,85570.81767403531,51.78571428571429,84201.66602814272,87700.0
2020-12-28,87700.0,1905670,60.714285714285715,54.18202436603806,85854.7086508306,76.78571428571429,84625.33277994591,90300.0
2020-12-29,90300.0,3451160,68.09815950920245,60.246511876838454,86447.41416405319,97.1830985915493,85218.45507595313,90200.0
2020-12-30,90200.0,2027680,66.45569620253164,55.009169442560555,86947.75894217944,79.06976744186046,85404.99439915936,89500.0
2020-12-31,89500.0,1272810,69.5364238410596,56.43311007035321,87288.05774988885,70.93023255813954,85537.93959038256,92000.0
2021-01-04,92000.0,307750,71.60493827160494,54.07127026835307,87916.31671657033,89.28571428571429,86168.26986722046,95600.0
2021-01-05,95600.0,285320,74.15730337078651,50.55149128684552,88940.80782102763,96.52173913043478,86953.16721825772,94800.0
2021-01-06,94800.0,283820,75.0,56.6479376437135,89722.03344489062,85.12396694214877,87102.07825582336,94800.0
2021-01-07,94800.0,292640,74.71264367816092,54.46300494241625,90399.09565223854,85.12396694214877,87423.91226615802,96400.0
2021-01-08,96400.0,218720,83.42857142857143,65.37939775519511,91199.21623194007,96.7479674796748,88038.22396400361,103100.0
2021-01-11,103100.0,451270,87.71186440677965,61.57140012953725,92785.98740101473,100.0,89457.34965769203,103400.0
2021-01-12,103400.0,286260,86.87782805429865,55.675491443591454,94201.18908087944,92.64705882352942,89949.09192555532,100900.0
2021-01-13,100900.0,297250,78.68852459016394,61.450106960836315,95094.36387009552,80.3921568627451,90114.2685577035,99600.0
2021-01-14,99600.0,327480,74.2063492063492,51.33098349283699,95695.11535408278,74.01960784313727,90538.53275000972,101600.0
2021-01-15,101600.0,207810,79.3103448275862,63.47872231056947,96482.43330687175,81.86813186813187,91513.11727223065,96800.0
2021-01-19,96800.0,355250,65.42372881355932,54.57583777641742,96524.7755326222,54.49438202247191,91490.14608037766,97500.0
2021-01-20,97500.0,345730,63.04347826086957,35.62593016735414,96654.80546160591,51.94805194805194,92305.9599363273,99000.0
2021-01-21,99000.0,301830,65.17241379310344,52.46781628254849,96967.49806672512,61.68831168831169,93209.33194481701,99300.0
2021-01-22,99300.0,226280,67.13286713286713,69.72635820057722,97278.49832449511,62.66666666666667,93917.8099077303,99500.0
2021-01-25,99500.0,214200,64.25855513307985,69.20945844587983,97574.69854789578,59.70149253731343,94588.93525336627,98000.0
2021-01-26,98000.0,210570,54.95867768595041,63.54885810246765,97631.40540817635,40.0,94954.52166402855,93900.0
2021-01-27,93900.0,331200,48.36363636363636,62.870612260439124,97133.88468708617,17.91044776119403,94895.75210882474,87400.0
2021-01-28,87400.0,319760,39.11764705882353,55.917601549833904,95836.03339547469,0.0,94433.04071653701,93500.0
2021-01-29,93500.0,546940,46.23376623376623,58.82051757707452,95524.56227607807,45.45454545454545,95768.41306544318,88300.0
2021-02-01,88300.0,263420,30.0,50.78996490109592,94561.28730593433,20.574162679425836,95204.45799005077,94400.0
2021-02-02,94400.0,275690,39.48598130841122,50.26997151880121,94539.78233180975,51.741293532338304,96213.19692471069,97200.0
2021-02-03,97200.0,336590,45.70765661252901,57.9784676437547,94894.47802090179,69.47368421052632,96595.43733474925,98400.0
2021-02-04,98400.0,249890,48.604651162790695,65.29639493139014,95361.88095144823,75.78947368421053,96693.60124567157,99300.0
2021-02-05,99300.0,224580,47.25536992840095,65.40804251346243,95886.96349125513,80.52631578947368,96716.12107958205,94700.0
2021-02-08,94700.0,480310,47.48201438848921,63.60121941104962,95728.70169242112,56.315789473684205,95943.74938008221,96800.0
2021-02-09,96800.0,266860,49.187935034802784,62.844726220539535,95871.54146676497,75.29411764705883,96204.36057384903,96800.0
2021-02-10,96800.0,0,47.355769230769226,59.87875553499285,95995.33593786298,75.29411764705883,96116.61249733584,96800.0
2021-02-11,96800.0,0,46.97336561743341,57.29731659744924,96102.62447948127,79.5031055900621,96016.95305324662,96800.0
2021-02-12,96800.0,0,46.715328467153284,54.53763598489901,96195.60788221711,81.52866242038218,95905.08153503596,96800.0
2021-02-16,96800.0,0,48.484848484848484,58.164700371604376,96276.1934979215,82.05128205128204,95796.79288592006,101000.0
2021-02-17,101000.0,370170,58.942065491183875,68.86529356630075,96906.0343648653,98.83720930232558,96360.33161224183,103200.0
2021-02-18,103200.0,449940,72.31638418079096,79.01386173708333,97745.22978288327,100.0,96721.50961949848,103100.0
2021-02-19,103100.0,191180,66.3265306122449,70.46253487437534,98459.1991451655,98.05194805194806,96804.36389245426,105800.0
2021-02-22,105800.0,439050,82.5278810408922,79.83561191568762,99437.97259247678,97.8021978021978,97434.89315123815,105300.0
2021-02-23,105300.0,203910,75.5868544600939,72.89775199033242,100219.57624681322,92.08633093525181,97637.51850885084,105300.0
2021-02-24,105300.0,0,71.89189189189189,69.83218244644355,100896.96608057145,92.08633093525181,97959.3493743374,105300.0
2021-02-25,105300.0,0,69.94219653179191,67.046824198329,101484.0372698286,92.08633093525181,98303.43612442573,101600.0
2021-02-26,101600.0,238560,55.72139303482587,58.177193138038476,101499.49896718479,65.46762589928058,98103.31130783565,103000.0
2021-03-01,103000.0,230200,74.55621301775147,73.1944119837555,101699.56577156014,72.8,98720.98091123535,102800.0
2021-03-02,102800.0,246000,70.0,62.75203063527366,101846.29033535213,62.5,99089.6279008484,101500.0
2021-03-03,101500.0,214840,64.41717791411043,57.57922014147214,101800.11829063851,48.95833333333333,99298.67751406862,100000.0
2021-03-04,100000.0,271430,58.98876404494382,52.23373620148479,101560.10251855337,33.33333333333333,99480.52051219282,98400.0
2021-03-05,98400.0,286530,54.123711340206185,47.62973547287325,101138.75551607959,16.666666666666664,99637.50666612269,97200.0
2021-03-08,97200.0,304650,50.970873786407765,43.5750250220645,100613.58811393565,4.166666666666666,99831.7835550841,98200.0
2021-03-09,98200.0,219630,41.95402298850575,40.965889880955295,100291.7763654109,26.785714285714285,100281.6013032951,99900.0
2021-03-10,99900.0,240670,40.23668639053255,36.80994326110655,100239.53951668945,41.964285714285715,100739.77668507799,100000.0
2021-03-11,100000.0,172690,40.828402366863905,42.6510109849641,100207.60091446419,42.857142857142854,100884.5842381787,99900.0
2021-03-12,99900.0,173340,29.370629370629374,30.623779109915333,100166.5874592023,41.964285714285715,100926.36189531043,99800.0
2021-03-15,99800.0,228840,30.2158273381295,30.483558267834823,100117.70913130867,45.54455445544555,100910.51364260237,99500.0
2021-03-16,99500.0,131750,29.577464788732385,29.139151528919513,100035.34791380086,42.57425742574257,100813.77849025538,99300.0
2021-03-17,99300.0,200740,29.166666666666657,27.306119747097128,99937.30152529408,44.086021505376344,100686.9969137769,99700.0
2021-03-18,99700.0,137480,41.44144144144145,32.71901296828612,99905.66132192154,48.38709677419355,100643.2862141622,97800.0
2021-03-19,97800.0,274720,27.58620689655173,24.7026806087554,99624.90647899867,27.956989247311824,100233.459163385,99300.0
2021-03-22,99300.0,157670,36.434108527131784,30.72360446968939,99581.5856151322,56.16438356164384,100320.99794160036,98700.0
2021-03-23,98700.0,131990,38.52459016393443,31.660054643030122,99464.0408664479,51.470588235294116,100076.92043827588,97200.0
2021-03-24,97200.0,210330,38.52459016393443,32.4113916944426,99162.16875092153,32.25806451612903,99711.77549095018,96700.0
2021-03-25,96700.0,240400,42.34234234234234,33.00175480452771,98833.87958413198,26.5625,99518.14986993461,95700.0
2021-03-26,95700.0,226580,43.11926605504587,34.00294029296583,98416.02897291438,21.91780821917808,99265.34099838781,96200.0
2021-03-29,96200.0,144600,40.38461538461538,32.10407964717105,98120.55844319248,28.767123287671232,99237.07330971387,96300.0
2021-03-30,96300.0,290130,29.545454545454547,33.15596139577215,97877.81731743348,30.136986301369863,99122.9079795298,97300.0
2021-03-31,97300.0,189750,36.08247422680412,33.454147918667545,97800.77500844235,45.07042253521127,99125.07580448137,99000.0
2021-04-01,99000.0,257870,46.01769911504425,41.68373051907427,97960.67167398336,83.05084745762711,99217.95458610609,101700.0
2021-04-05,101700.0,265320,56.83453237410072,50.72348635987926,98459.24878411891,69.72477064220183,99458.83841906973,101700.0
2021-04-06,101700.0,210260,58.08823529411765,56.67544524980315,98891.3489462364,69.72477064220183,99311.88218541599,100500.0
2021-04-07,100500.0,248530,54.109589041095894,55.69425407567823,99105.83575340488,58.71559633027523,99027.18678291606,99700.0
2021-04-08,99700.0,158490,50.0,50.674472377169025,99185.0576529509,51.37614678899083,98835.33965630503,98900.0
2021-04-09,98900.0,211110,53.9568345323741,51.752379433068626,99147.04996589078,44.03669724770643,98678.57214657548,101800.0
2021-04-12,101800.0,326990,58.169934640522875,54.48910964505175,99500.77663710534,70.64220183486239,99085.48474925432,102500.0
2021-04-13,102500.0,401680,62.33766233766234,62.21381459841164,99900.6730854913,77.06422018348624,99168.03122713153,100500.0
2021-04-14,100500.0,816900,60.37735849056604,52.65361309218461,99980.58334075913,58.71559633027523,98892.01595240286,101200.0
2021-04-15,101200.0,797230,63.975155279503106,63.80935016229439,100143.1722286579,65.13761467889908,99072.5804920825,101000.0
2021-04-16,101000.0,659310,67.3202614379085,58.05967054027592,100257.41593150352,59.59595959595959,99153.40309313817,104500.0
2021-04-19,104500.0,910490,72.6775956284153,63.86251276883353,100823.09380730306,94.5054945054945,99821.67156960863,108600.0
2021-04-20,108600.0,1526600,77.57847533632287,70.8183122216829,101860.01463299598,79.08496732026144,100605.2264714386,108600.0
2021-04-21,108600.0,0,76.52582159624413,70.04812908393245,102758.67934859652,78.2312925170068,100819.30738635789,103100.0
2021-04-22,103100.0,664790,58.167330677290835,62.393021563184085,102804.18876878366,35.86206896551724,100270.5108459546,105000.0
2021-04-23,105000.0,882320,56.79012345679012,65.38990569905889,103096.9635996125,48.96551724137931,100860.05384427178,99600.0
2021-04-26,99600.0,898260,46.464646464646464,57.77513207895976,102630.70178633084,11.724137931034482,100327.21333170222,100000.0
2021-04-27,100000.0,397980,49.134948096885815,61.262649268176446,102279.9415481534,14.482758620689657,100669.91822080858,100900.0
2021-04-28,100900.0,575690,52.068965517241374,64.7093424276597,102095.94934173294,20.689655172413794,101048.98468025634,99300.0
2021-04-29,99300.0,537430,50.671140939597315,62.515832250611155,101723.15609616855,9.655172413793103,101030.89783399993,99300.0
2021-04-30,99300.0,0,45.353159851301115,61.19372730323115,101400.0686166794,9.655172413793103,101214.72256724439,99300.0
2021-05-03,99300.0,0,43.89312977099237,59.3985847127737,101120.05946778881,9.655172413793103,101343.81511383403,99200.0
2021-05-04,99200.0,438850,47.325102880658434,62.050873054316796,100864.05153875031,19.018404907975462,101429.36198754504,99600.0
2021-05-05,99600.0,285060,46.666666666666664,59.553322867560155,100695.5113335836,21.472392638036812,101558.55816698346,98700.0
2021-05-06,98700.0,279360,45.344129554655865,62.58203125822452,100429.44315577246,15.950920245398773,101466.52818916347,97100.0
2021-05-07,97100.0,511420,33.77192982456141,53.35053358010171,99985.51740166948,6.134969325153374,101217.49109727501,99100.0
2021-05-10,99100.0,393370,27.053140096618364,43.308531869371045,99867.44841478021,18.404907975460123,101416.15895097167,98000.0
2021-05-11,98000.0,314260,25.68807339449542,41.15826990846447,99618.45529280952,11.65644171779141,101054.72664639767,97700.0
2021-05-12,97700.0,351030,33.73493975903614,43.70213889969707,99362.66125376827,17.97752808988764,100801.70753798909,97000.0
2021-05-13,97000.0,256060,24.025974025974023,31.6978921198761,99047.63975326583,10.112359550561797,100450.31319959057,97200.0
2021-05-14,97200.0,299050,38.23529411764706,42.32307542114796,98801.28778616372,16.176470588235293,100248.82699520071,100800.0
2021-05-17,100800.0,591300,52.985074626865675,44.74566668113181,99067.78274800857,63.51351351351351,100559.87228472948,98900.0
2021-05-18,98900.0,345570,43.05555555555556,34.28358162302547,99045.41171494077,37.83783783783784,100041.50042454332,100400.0
2021-05-19,100400.0,287100,53.846153846153854,42.936221834589524,99226.023486282,58.108108108108105,100078.41147904868,102000.0
2021-05-20,102000.0,392310,58.49056603773585,47.74801428310041,99595.8870214444,79.72972972972973,100151.6232818422,103900.0
2021-05-21,103900.0,607580,62.921348314606746,53.878446644777355,100169.76875191848,96.29629629629629,100302.46239981879,103900.0
2021-05-24,103900.0,0,63.27683615819209,58.624250676733126,100667.13291832936,96.29629629629629,100212.63407984297,104600.0
2021-05-25,104600.0,286510,63.888888888888886,58.75473837477731,101191.51519588545,86.73469387755102,100280.39398030835,105700.0
2021-05-26,105700.0,467910,69.23076923076923,65.9122499760669,101792.64650310072,86.48648648648648,100462.23033848946,104400.0
2021-05-27,104400.0,453070,70.39106145251397,66.31878604717423,102140.29363602064,72.80701754385966,100352.65518224641,104600.0
2021-05-28,104600.0,323770,67.08074534161491,65.99387179940086,102468.25448455123,72.89719626168224,100519.02338016912,104000.0
2021-06-01,104000.0,386910,69.23076923076923,64.8234509305633,102672.4872199444,67.28971962616822,100607.65359614659,104400.0
2021-06-02,104400.0,266410,71.3375796178344,71.12718754001278,102902.82225728515,70.75471698113208,100887.63311666039,105400.0
2021-06-03,105400.0,504490,76.25,77.3042121540154,103235.77928964714,80.18867924528303,101294.3931455501,104500.0
2021-06-04,104500.0,363520,71.8562874251497,70.66084340538619,103404.34205102752,66.66666666666666,101449.91850392123,106000.0
2021-06-07,106000.0,4249400,67.8082191780822,82.8960126875906,103750.42977755718,83.33333333333334,101970.1515922873,106000.0
2021-06-08,106000.0,0,77.95275590551181,86.07782971548944,104050.37247388289,83.33333333333334,102278.90915776009,106100.0
2021-06-09,106100.0,3322600,75.22123893805309,89.75441905639899,104323.65614403185,84.0909090909091,102614.38793672541,104100.0
2021-06-10,104100.0,3369400,58.97435897435897,68.82146925108827,104293.83532482761,61.36363636363637,102629.91398960647,106000.0
2021-06-11,106000.0,3884300,58.97435897435897,74.56327226584045,104521.32394818393,82.95454545454545,103209.14767988116,109900.0
2021-06-14,109900.0,7532600,69.23076923076923,82.29953503079456,105238.48075509274,91.80327868852459,104051.03910034146,112600.0
2021-06-15,112600.0,5394500,72.72727272727272,85.40310624066609,106220.0166544137,96.52777777777779,104691.90055362927,110000.0
2021-06-16,110000.0,4021200,61.2565445026178,74.8718010649092,106724.01443382521,78.47222222222221,104545.98047981205,109000.0
2021-06-17,109000.0,3866300,62.23404255319149,67.95088151097208,107027.47917598185,65.2542372881356,104684.96086028154,112500.0
2021-06-18,112500.0,4789800,67.87330316742081,71.49998531933643,107757.14861918427,76.19047619047619,105511.41052335511,112000.0
2021-06-21,112000.0,3350800,68.18181818181819,66.60200831244535,108322.86213662637,69.23076923076923,105744.8891202411,111500.0
2021-06-22,111500.0,2497800,66.06334841628959,62.807250537414546,108746.48051840953,63.114754098360656,106013.73723754229,111300.0
2021-06-23,111300.0,3874800,63.84976525821596,57.567411508715665,109086.9497826216,61.47540983606557,106344.07227253665,112100.0
2021-06-24,112100.0,3936900,67.9245283018868,61.1074884463656,109488.68981160539,68.0327868852459,106842.47374730954,112100.0
2021-06-25,112100.0,2846300,65.48223350253807,60.238199602202,109836.86450339135,68.0327868852459,107220.47724766827,115500.0
2021-06-28,115500.0,7156600,70.56277056277057,65.16296672293907,110591.9492362725,95.90163934426229,108115.69139242363,118600.0
2021-06-29,118600.0,5907600,73.9463601532567,66.8908610245259,111659.68933810283,94.87179487179486,108971.21031787826,118000.0
2021-06-30,118000.0,5135400,78.13765182186235,64.52658103127646,112505.06409302246,85.54216867469879,109327.32671993895,117200.0
2021-07-01,117200.0,3700200,73.72881355932203,58.645358288282644,113131.05554728615,75.93984962406014,109712.9609350582,118000.0
2021-07-02,118000.0,3152400,69.7560975609756,55.89375729373742,113780.24814098132,80.48780487804879,110347.6772548282,118000.0
2021-07-06,118000.0,0,65.1685393258427,51.57307103946318,114342.88172218381,80.48780487804879,110837.20917640666,118000.0
2021-07-07,118000.0,0,76.31578947368422,55.574642879154815,114830.4974925593,80.48780487804879,111337.02573066356,118000.0
2021-07-08,118000.0,0,81.69014084507043,59.98202047545819,115253.09782688472,79.3103448275862,111855.20007768623,112500.0
2021-07-09,112500.0,3902100,50.0,50.77181858907734,114886.01811663344,31.30434782608696,111531.22895621693,112500.0
2021-07-12,112500.0,0,51.59235668789809,54.70547610449357,114567.88236774899,31.30434782608696,112022.12065094357,109500.0
2021-07-13,109500.0,2562500,44.505494505494504,54.71931384299763,113892.1647187158,24.305555555555554,112007.0045641511,109500.0
2021-07-14,109500.0,0,45.00000000000001,60.03889571343496,113306.54275622035,24.305555555555554,112395.23728893095,110300.0
2021-07-15,110300.0,4555800,45.00000000000001,60.55590503993778,112905.67038872432,29.86111111111111,112827.15009485125,110300.0
2021-07-16,110300.0,0,45.00000000000001,57.51625577975517,112558.24767022775,29.86111111111111,113072.91897109333,104300.0
2021-07-19,104300.0,3189800,22.815533980582515,42.76951562819991,111457.14798086406,5.847953216374268,112336.80755272534,106600.0
2021-07-20,106600.0,4045600,19.69696969696969,38.21608254525142,110809.52825008218,20.689655172413794,112745.45543458419,108000.0
2021-07-21,108000.0,3042000,25.728155339805838,52.18453337293009,110434.92448340455,30.864197530864196,112881.2280433063,111000.0
2021-07-22,111000.0,3402500,36.40350877192983,65.452853401195,110510.26788561729,49.382716049382715,113166.78652642101,107600.0
2021-07-23,107600.0,2635200,29.527559055118104,54.8051977259111,110122.232167535,30.666666666666664,112419.82610067599,109600.0
2021-07-26,109600.0,2753500,34.67153284671534,58.95779807026227,110052.60121186366,44.0,112448.34928725251,107800.0
2021-07-27,107800.0,5342500,32.534246575342465,50.06513621205237,109752.25438361517,32.0,111844.84716006329,106500.0
2021-07-28,106500.0,4909500,31.14754098360656,44.07580885852082,109318.62046579982,27.131782945736433,111281.47864983263,107900.0
2021-07-29,107900.0,3954600,41.28787878787878,54.019814183426185,109129.47107035985,51.578947368421055,111127.83705207719,108300.0
2021-07-30,108300.0,4731600,42.16417910447761,58.84554403929087,109018.87492764521,62.35294117647059,110816.01433402246,108300.0
2021-08-02,108300.0,0,47.47899159663865,62.40693373405156,108923.02493729252,62.35294117647059,110478.65686726391,110900.0
2021-08-03,110900.0,9951300,52.651515151515156,69.65858498577647,109186.62161232019,85.86956521739131,110564.94706273984,110900.0
2021-08-04,110900.0,0,51.171875,66.73416866036558,109415.07206401083,85.86956521739131,110282.84300993009,111700.0
2021-08-05,111700.0,5258200,52.651515151515156,70.09976578849623,109719.72912214271,94.56521739130434,110164.01949749497,113900.0
2021-08-06,113900.0,11226500,71.23893805309734,79.27237378060589,110277.0985725237,94.78260869565217,110349.37245338452,117400.0
2021-08-09,117400.0,6329000,72.68907563025209,80.18289660261907,111226.81876285387,100.0,110797.17834848883,117400.0
2021-08-10,117400.0,0,70.98214285714286,79.21186456483385,112049.90959447336,100.0,110785.99901313476,116000.0
2021-08-11,116000.0,8250600,62.01923076923077,67.6988477753465,112576.58831521025,85.9504132231405,110626.75470027236,117000.0
2021-08-12,117000.0,5228900,75.54347826086956,72.84310787697174,113166.37653984889,94.21487603305785,110913.29851801383,120000.0
2021-08-13,120000.0,10159600,76.8041237113402,75.75092626734259,114077.52633453571,95.36423841059603,111542.08093783421,116000.0
2021-08-16,116000.0,18686700,68.98148148148148,63.67330763953646,114333.85615659763,63.80368098159509,111183.91459056742,116000.0
2021-08-17,116000.0,0,73.39901477832512,67.14286858236687,114556.00866905128,61.68831168831169,111521.00375626957,110000.0
2021-08-18,110000.0,23516400,54.21686746987952,51.14012400410409,113948.54084651112,20.13422818791946,110989.64769987806,111000.0
2021-08-19,111000.0,18153200,55.294117647058826,56.64165365691502,113555.40206697631,22.69503546099291,111531.86133989431,108100.0
2021-08-20,108100.0,20500700,49.647887323943664,48.48027600913023,112828.01512471281,2.127659574468085,111452.83538346396,107200.0
2021-08-23,107200.0,15955500,43.071161048689135,39.80265906586129,112077.61310808444,0.0,111627.29066566876,107300.0
2021-08-24,107300.0,20691400,43.28358208955223,47.08749518193111,111440.59802700652,5.194805194805195,111884.04079913515,107000.0
2021-08-25,107000.0,16184100,41.06463878326996,41.31087067276751,110848.51829007233,3.2467532467532463,112006.05758147272,106600.0
2021-08-26,106600.0,13182400,35.10204081632652,34.553421214783015,110282.04918472935,9.467455621301776,112028.47212616523,106900.0
2021-08-27,106900.0,9953900,25.352112676056336,35.61298232937568,109831.10929343209,11.242603550295858,112046.67584267654,106900.0
2021-08-30,106900.0,8782700,25.352112676056336,38.51134691795842,109440.29472097447,11.242603550295858,111921.45239698634,106400.0
2021-08-31,106400.0,10567000,26.470588235294116,38.20773483130551,109034.92209151122,8.284023668639055,111651.98096627704,82307.703125
2021-09-01,82307.703125,28570360,10.11673403372076,32.59670896644782,105471.2928959764,0.7711857769423559,107774.20563952345,82307.703125
2021-09-02,82307.703125,0,3.45744773214966,28.814337170766123,102382.81425984621,0.7711857769423559,107417.0211723092,82307.703125
2021-09-03,82307.703125,0,3.8364260950620093,32.07497755042398,99706.13277520005,0.9050091911764705,106789.2562746819,84307.703125
2021-09-07,84307.703125,15078570,8.832936135355013,36.25513242464005,97653.00882184005,7.326041666666666,106226.9883373632,84307.703125
2021-09-08,84307.703125,0,10.464018635186136,41.46494916238357,95873.63472892805,7.849330357142857,105218.15109897866,82846.203125
2021-09-09,82846.203125,12902500,7.282924056076624,32.02775518116198,94136.64384840432,2.9179418103448276,103872.50657744816,82692.296875
2021-09-10,82692.296875,19751030,7.944993335205794,33.176391160628356,92610.73091861708,2.5640625,102648.48536191344,82307.703125
2021-09-13,82307.703125,12768080,8.082904499115145,34.56776153352189,91236.99387946814,1.1789391762452106,101319.9776435194,82307.703125
2021-09-14,82307.703125,18532878,7.772292937298388,31.598251371296584,90046.42177887239,1.1880429536679538,99986.19539000848,81900.0
2021-09-15,81900.0,9287400,7.744107744107737,33.76158045738916,88960.23220835607,4.444444444444445,98535.89027550735,80100.0
2021-09-16,80100.0,7925100,7.39549839228296,35.670042248897815,87778.8679139086,0.36101083032490977,96832.53333425916,81200.0
2021-09-17,81200.0,6873600,9.717868338557992,33.1746857733406,86901.68552538747,5.6939501779359425,95519.17954073296,79900.0
2021-09-20,79900.0,5456900,9.337349397590359,26.96236394937182,85968.12745533581,1.090909090909091,93789.82847523243,79900.0
2021-09-21,79900.0,0,9.480122324159026,29.64239666212714,85159.04379462436,5.186182604949293,92222.05755179867,79900.0
2021-09-22,79900.0,0,36.0142532215875,37.46199832334573,84457.8379553411,5.186182604949293,90840.58333308663,79300.0
2021-09-23,79300.0,4687300,33.66746253561472,35.97710231418753,83770.12622796229,17.60419961723561,89530.56625846674,79600.0
2021-09-24,79600.0,457730000,35.76047711313031,86.9605805279961,83214.10939756731,21.66670722121306,88495.47870872675,78200.0
2021-09-27,78200.0,5151700,15.716733936392842,85.80778574214196,82545.56147789168,3.1707262697148577,87302.10785832707,78500.0
2021-09-28,78500.0,5298500,18.462802035659678,85.93775743704771,82006.15328083947,17.270606360195178,86450.39148068902,78200.0
2021-09-29,78200.0,2992100,21.127977675805937,87.55209645429082,81498.66617672755,12.560440989232857,85584.35647944437,78300.0
2021-09-30,78300.0,3151100,22.52168592023179,90.9518934490827,81072.17735316388,14.754098360655737,84848.19889676846,77000.0
2021-10-01,77000.0,4115400,20.207229346790783,92.52839945953053,80529.22037274203,0.0,83963.40068449099,78000.0
2021-10-04,78000.0,410460000,28.260838709779165,95.63978247607886,80191.99098970975,24.65753424657534,83477.72503766997,79400.0
2021-10-05,79400.0,4573100,38.53211009174312,96.66964017715064,80086.39219108179,50.79365079365079,83090.52836598064,79400.0
2021-10-06,79400.0,0,46.15384615384615,97.53444306244579,79994.8732322709,60.37735849056604,82553.12458384989,80000.0
2021-10-07,80000.0,2556200,43.02325581395349,97.52232992469713,79995.55680130146,77.55102040816327,82160.37463933657,79900.0
2021-10-08,79900.0,3466200,50.0,97.74229399579498,79982.81589446127,80.43478260869566,81722.26913186949,79900.0
2021-10-11,79900.0,0,50.0,97.74229399579498,79971.77377519976,80.43478260869566,81356.52213650911,80900.0
2021-10-12,80900.0,8096900,55.95238095238095,97.76291299323056,80095.5372718398,87.03703703703704,81189.54140719678,80000.0
2021-10-13,80000.0,5259700,54.02298850574712,97.69164203648589,80082.79896892783,70.37037037037037,80785.49144179276,80000.0
2021-10-14,80000.0,0,52.38095238095238,95.30772483918325,80071.75910640413,70.37037037037037,80564.59258288708,78700.0
2021-10-15,78700.0,5269100,53.01204819277108,95.28140383712478,79888.85789221691,46.2962962962963,80195.1469051688,78700.0
2021-10-18,78700.0,0,51.24999999999999,95.22527046354608,79730.34350658799,46.2962962962963,80058.12731781296,79400.0
2021-10-19,79400.0,5568400,57.14285714285714,95.91980945205133,79686.2977057096,59.25925925925925,80049.09923099347,78800.0
2021-10-20,78800.0,5507700,52.80898876404495,94.71179248972196,79568.12467828166,48.148148148148145,79864.05266686101,77900.0
2021-10-21,77900.0,5861900,55.294117647058826,94.33813216079615,79345.70805451077,31.48148148148148,79669.34564461287,78000.0
2021-10-22,78000.0,4153100,50.0,49.740871337578206,79166.28031390934,12.195121951219512,79640.15511422006,78000.0
2021-10-25,78000.0,0,38.70967741935484,44.75626621819461,79010.77627205476,2.7027027027027026,79587.68998787961,78700.0
2021-10-26,78700.0,2940100,44.92753623188406,48.06761893552712,78969.33943578078,21.62162162162162,79633.99798949566,81000.0
2021-10-27,81000.0,8780700,55.81395348837209,54.021853377310336,79240.09417767668,83.78378378378379,79909.24270200735,81000.0
2021-10-28,81000.0,5310000,56.470588235294116,61.716885595068625,79474.7482873198,83.78378378378379,79837.45478618416,85500.0
2021-10-29,85500.0,15578000,71.53846153846155,70.31717770404798,80278.11518234383,100.0,80460.6274813596,85500.0
2021-11-01,85500.0,0,69.16666666666667,66.55609941587753,80974.36649136465,100.0,80416.65492828943,85200.0
2021-11-02,85200.0,5784000,72.80701754385964,65.68867076484518,81537.78429251604,96.05263157894737,80385.48982673974,82900.0
2021-11-03,82900.0,1123050000,60.58394160583942,3.471172735500801,81719.4130535139,65.78947368421053,80104.42451650777,82700.0
2021-11-04,82700.0,8241100,65.87301587301587,3.4618820526007,81850.15797971205,63.1578947368421,80191.22346986229,82000.0
2021-11-05,82000.0,8244100,62.40601503759399,3.4384756214449794,81870.13691575044,53.94736842105263,80227.11589610289,82400.0
2021-11-08,82400.0,8203200,61.53846153846154,3.6634947005752707,81940.78532698372,59.210526315789465,80440.38933217805,83000.0
2021-11-09,83000.0,8139200,66.15384615384616,4.3273777206024135,82082.01395005257,67.10526315789474,80693.44853233208,82600.0
2021-11-10,82600.0,4154800,68.8,4.332292933760513,82151.07875671223,61.33333333333333,80817.2665057989,81500.0
2021-11-11,81500.0,9431300,62.96296296296296,3.9909956839635896,82064.26825581728,46.666666666666664,80858.79763835907,82000.0
2021-11-12,82000.0,5317400,64.28571428571428,4.401864039971045,82055.69915504164,50.0,81156.23573102232,84000.0
2021-11-15,84000.0,9673200,67.3202614379085,4.941826615002711,82314.93926770276,77.27272727272727,81675.4598557749,83000.0
2021-11-16,83000.0,6114200,57.14285714285714,4.257953682647269,82406.28069867574,50.0,81724.89854167156,83500.0
2021-11-17,83500.0,5259600,58.62068965517242,4.266152633826977,82552.1099388523,57.446808510638306,82001.07873611536,82800.0
2021-11-18,82800.0,6316700,37.38317757009346,3.002618056785252,82585.16194700533,42.5531914893617,82046.82379352221,80500.0
2021-11-19,80500.0,7517600,30.769230769230774,2.9845786754286365,82307.14035407128,9.090909090909092,81813.58062105258,81000.0
2021-11-22,81000.0,6326700,34.09090909090909,3.4865976853367044,82132.85497352845,22.413793103448278,81962.76987157892,82500.0
2021-11-23,82500.0,3583700,48.38709677419355,48.22202678794595,82181.80764372466,58.333333333333336,82229.40055536838,83700.0
2021-11-24,83700.0,7322400,53.731343283582085,56.38419632468247,82384.23329122804,83.33333333333334,82429.42492576371,83300.0
2021-11-26,83300.0,8576100,54.961832061068705,56.088494865639,82506.3355190643,69.23076923076923,82391.50160232856,84800.0
2021-11-29,84800.0,11265700,58.45070422535211,57.525873352594,82812.15744985575,98.07692307692307,82647.91249979587,84600.0
2021-11-30,84600.0,8501600,55.79710144927537,49.022609327358516,83050.53645654165,84.48275862068965,82647.9686109342,82900.0
2021-12-01,82900.0,6787500,50.9933774834437,47.73752366736739,83030.46492900276,55.172413793103445,82439.7950183652,82300.0
2021-12-02,82300.0,4813200,52.73972602739726,49.95013134651299,82933.06960513572,44.827586206896555,82419.65568258316,80200.0
2021-12-03,80200.0,5699400,44.44444444444444,44.42271171928789,82568.66032445096,8.620689655172415,82173.70159157208,79700.0
2021-12-06,79700.0,6641800,35.374149659863946,35.67633152845741,82186.17228119084,4.918032786885246,82142.48582380691,81600.0
2021-12-07,81600.0,4522700,45.51282051282052,41.1111837547417,82108.01597703206,36.0655737704918,82438.98771396601,81000.0
2021-12-08,81000.0,3810100,42.038216560509554,36.011058997236155,81960.28051342779,26.229508196721312,82323.06712988166,81600.0
2021-12-09,81600.0,2766400,46.15384615384615,40.59434366263604,81912.24311163742,36.0655737704918,82379.26929034186,80900.0
2021-12-10,80900.0,4327100,51.42857142857142,42.100372649215224,81777.27736341911,24.59016393442623,82249.70005162961,82100.0
2021-12-13,82100.0,6503000,53.741496598639465,42.29447574929658,81820.30704829657,44.26229508196721,82414.07337807902,82100.0
2021-12-14,82100.0,3082100,48.484848484848484,41.96618697554966,81857.59944185703,44.26229508196721,82385.4191498907,82600.0
2021-12-15,82600.0,3589800,45.6,39.248156270902165,81956.58618294276,52.459016393442624,82420.47437434972,82300.0
2021-12-16,82300.0,3290500,45.96774193548387,42.072274001559485,82002.37469188373,47.540983606557376,82329.52223554754,84500.0
2021-12-17,84500.0,25185800,48.85496183206107,51.30118993146008,82335.39139963257,77.27272727272727,82598.91927080788,83500.0
2021-12-20,83500.0,4652600,46.043165467625904,53.666771294679954,82490.67254634823,62.121212121212125,82374.6744791446,86000.0
2021-12-21,86000.0,16016300,60.54421768707483,65.56541609761472,82958.5828735018,89.1891891891892,82700.44010414754,85700.0
2021-12-22,85700.0,8928800,61.80555555555556,62.61649634373898,83324.10515703491,77.77777777777779,82624.10364581675,82500.0
2021-12-23,82500.0,8897300,57.41935483870968,60.5468002694358,83214.22446943025,38.2716049382716,82171.72315970786,82800.0
2021-12-27,82800.0,4999700,60.130718954248366,66.30864565626464,83158.99454017289,35.61643835616438,82297.32673841348,82800.0
2021-12-28,82800.0,4469100,54.47761194029851,66.32699427592499,83111.12860148317,31.88405797101449,82375.6831732917,81700.0
2021-12-29,81700.0,5229300,52.51798561151079,65.38843627592559,82922.97812128541,15.942028985507244,82295.59208351947,81600.0
2021-12-30,81600.0,5845500,50.0,60.94503116938943,82746.58103844736,14.492753623188406,82365.51313905022,82000.0
2021-12-31,82000.0,4633900,54.198473282442755,65.04786276792143,82647.03689998771,16.666666666666664,82506.66694273241,85100.0
2022-01-04,85100.0,10190100,60.0,66.28958433204957,82974.09864665603,60.0,83037.27801703475,84000.0
2022-01-05,84000.0,7373100,55.900621118012424,61.04557879226481,83110.88549376855,41.66666666666667,82928.19650365235,85300.0
2022-01-06,85300.0,10551700,57.98816568047337,63.36348757786386,83402.76742793275,63.33333333333333,83195.27030316537,85400.0
2022-01-07,85400.0,8240800,59.2814371257485,67.43057047479974,83669.06510420839,65.0,83288.78981829889,85400.0
2022-01-10,85400.0,9915000,53.10344827586207,62.965669589164584,83899.85642364727,65.0,83364.39562030348,83600.0
2022-01-11,83600.0,6135600,50.326797385620914,62.12775678485817,83859.87556716098,35.0,83177.8650931519,83600.0
2022-01-12,83600.0,6533800,40.625,58.48639563442196,83825.22549153953,36.0655737704918,83244.53863628722,82200.0
2022-01-13,82200.0,6683500,37.41007194244605,59.992500093325724,83608.52875933427,13.333333333333334,83072.48904033781,82200.0
2022-01-14,82200.0,3589700,48.598130841121495,67.12679308416612,83420.72492475636,13.333333333333334,83115.76827940388,77000.0
2022-01-18,77000.0,8073900,31.41025641025641,60.27829398807657,82564.6282681222,7.964601769911504,82367.61028659447,77600.0
2022-01-19,77600.0,3344400,33.95061728395062,59.72256392641841,81902.67783237257,13.274336283185843,82479.54002615967,78600.0
2022-01-20,78600.0,3627700,40.372670807453424,64.44436009646043,81462.32078805623,22.123893805309734,82604.1569115606,79400.0
2022-01-21,79400.0,5040100,43.45238095238095,70.2156360235623,81187.34468298208,29.20353982300885,82664.38043446364,76200.0
2022-01-24,76200.0,5605300,35.20408163265306,64.90392842083901,80522.3653919178,0.8849557522123894,82100.46304320183,81000.0
2022-01-25,81000.0,5762000,40.375586854460096,63.00431383960919,80586.05000632876,45.2991452991453,82693.90130410825,81200.0
2022-01-26,81200.0,3922600,43.13725490196078,70.15768583188988,80667.91000548494,47.008547008547005,82540.54779689382,81000.0
2022-01-27,81000.0,4446800,38.86010362694301,62.272711728297075,80712.18867142028,45.2991452991453,82311.03031286353,80300.0
2022-01-28,80300.0,3900100,37.185929648241206,54.84487960590627,80657.23018189758,39.31623931623932,81993.44849337063,80300.0
2022-01-31,80300.0,0,37.185929648241206,47.67378524407104,80609.59949097791,46.0,81767.65536092121,82200.0
2022-02-07,82200.0,4868100,46.5,56.36015374193964,80821.65289218086,74.71264367816092,81825.80131279839,81200.0
2022-02-08,81200.0,3101900,44.28571428571428,48.69132123716667,80872.09917322343,63.95348837209303,81448.02780442528,81500.0
2022-02-09,81500.0,4706300,48.24120603015076,58.47713823847002,80955.81928346031,69.87951807228916,81295.62409716858,80100.0
2022-02-10,80100.0,5872800,45.070422535211264,50.435628900453594,80841.7100456656,53.01204819277109,80905.09643976833,79700.0
2022-02-11,79700.0,3480800,58.18181818181818,54.25444608647222,80689.48203957686,48.19277108433735,80731.1391366881,78100.0
2022-02-14,78100.0,5093500,51.42857142857142,47.18732511472894,80344.21776763328,28.915662650602407,80415.98725179637,78100.0
2022-02-15,78100.0,0,48.484848484848484,43.81974537462888,80044.98873194883,28.915662650602407,80361.24450711242,80000.0
2022-02-16,80000.0,2334400,51.704545454545446,41.04079962705931,80038.99023435566,51.80722891566265,80586.5230172752,80800.0
2022-02-17,80800.0,2803200,65.13157894736842,48.703599654601,80140.45820310824,61.44578313253012,80672.70883719406,79700.0
2022-02-18,79700.0,3373300,44.34782608695652,39.2453067990364,80081.73044269382,27.11864406779661,80468.95877001264,79300.0
2022-02-22,79300.0,5146700,41.88034188034188,30.334756647117203,79977.49971700131,20.33898305084746,80371.59760067763,79400.0
2022-02-23,79400.0,2850000,43.10344827586207,37.32820147507996,79900.49975473447,22.033898305084744,80341.9401428095,78600.0
2022-02-24,78600.0,5284300,42.73504273504273,36.37551276400015,79727.09978743654,21.73913043478261,80173.7925682127,78300.0
2022-02-25,78300.0,2693300,41.66666666666667,34.511451907204005,79536.81981577833,17.391304347826086,80078.56467022878,77500.0
2022-02-28,77500.0,2837300,28.440366972477065,25.960529366594244,79265.24384034122,5.797101449275362,79881.03382530938,78000.0
2022-03-01,78000.0,2459200,34.61538461538461,31.291963226894424,79096.54466162906,13.043478260869565,79861.45153749034,77500.0
