,Date,Open,High,Low,Close,Volume,Dividends,Stock Splits,Capital Gains
0,2019-03-12,40681.80078125,42272.69921875,40681.80078125,42272.69921875,2123957,0.0,0.0,0.0
1,2019-03-13,42272.69921875,42454.5,42000.0,42000.0,1102079,0.0,0.0,0.0
2,2019-03-14,42000.0,42272.69921875,41818.19921875,42045.5,586828,0.0,0.0,0.0
3,2019-03-15,42045.5,42090.8984375,41590.8984375,41818.19921875,1146024,0.0,0.0,0.0
4,2019-03-18,42090.8984375,42227.30078125,41772.69921875,42000.0,1093488,0.0,0.0,0.0
5,2019-03-19,42000.0,42090.8984375,41545.5,41545.5,1006192,0.0,0.0,0.0
6,2019-03-20,41454.5,41727.30078125,41136.3984375,41318.19921875,876997,0.0,0.0,0.0
7,2019-03-21,41636.3984375,41636.3984375,41000.0,41000.0,908314,0.0,0.0,0.0
8,2019-03-22,41000.0,41272.69921875,40954.5,40954.5,756459,0.0,0.0,0.0
9,2019-03-25,40181.80078125,40909.1015625,40181.80078125,40363.6015625,696872,0.0,0.0,0.0
10,2019-03-26,40909.1015625,40909.1015625,40454.5,40681.80078125,424732,0.0,0.0,0.0
11,2019-03-27,40727.30078125,41000.0,40727.30078125,40909.1015625,647944,0.0,0.0,0.0
12,2019-03-28,40681.80078125,41227.30078125,40681.80078125,41045.5,398596,0.0,0.0,0.0
13,2019-03-29,41454.5,41454.5,41181.80078125,41363.6015625,491425,0.0,0.0,0.0
14,2019-04-01,41727.30078125,41727.30078125,41363.6015625,41636.3984375,360250,0.0,0.0,0.0
15,2019-04-02,41636.3984375,42454.5,41636.3984375,41818.19921875,1489928,0.0,0.0,0.0
16,2019-04-03,42181.80078125,42909.1015625,41818.19921875,42909.1015625,1137510,0.0,0.0,0.0
17,2019-04-04,43181.80078125,43818.19921875,42954.5,43454.5,1887743,0.0,0.0,0.0
18,2019-04-05,43454.5,43545.5,43136.3984375,43454.5,676720,0.0,0.0,0.0
19,2019-04-08,43318.19921875,43636.3984375,43136.3984375,43454.5,497926,0.0,0.0,0.0
20,2019-04-09,43454.5,44090.8984375,43000.0,43000.0,1112848,0.0,0.0,0.0
21,2019-04-10,42727.30078125,43000.0,42500.0,42636.3984375,804210,0.0,0.0,0.0
22,2019-04-11,42636.3984375,43181.80078125,42590.8984375,42727.30078125,395901,0.0,0.0,0.0
23,2019-04-12,42590.8984375,44000.0,42590.8984375,43818.19921875,962599,0.0,0.0,0.0
24,2019-04-15,43818.19921875,43818.19921875,43818.19921875,43818.19921875,0,0.0,0.0,0.0
25,2019-04-16,43181.80078125,43818.19921875,43181.80078125,43545.5,997700,0.0,0.0,0.0
26,2019-04-17,43909.1015625,45000.0,43818.19921875,44090.8984375,2155483,0.0,0.0,0.0
27,2019-04-18,44090.8984375,44772.69921875,43681.80078125,44090.8984375,1073523,0.0,0.0,0.0
28,2019-04-22,44090.8984375,44090.8984375,43454.5,43545.5,908699,0.0,0.0,0.0
29,2019-04-23,43545.5,44045.5,43181.80078125,43545.5,604340,0.0,0.0,0.0
30,2019-04-24,44090.8984375,44227.30078125,43727.30078125,44136.3984375,940643,0.0,0.0,0.0
31,2019-04-25,44090.8984375,44681.80078125,44045.5,44363.6015625,1067726,0.0,0.0,0.0
32,2019-04-26,44454.5,45227.30078125,44363.6015625,45045.5,951445,0.0,0.0,0.0
33,2019-04-29,45045.5,45045.5,45045.5,45045.5,0,0.0,0.0,0.0
34,2019-04-30,45045.5,45045.5,45045.5,45045.5,0,0.0,0.0,0.0
35,2019-05-01,45045.5,45045.5,45045.5,45045.5,0,0.0,0.0,0.0
36,2019-05-02,45272.69921875,45636.3984375,45136.3984375,45318.19921875,973522,0.0,0.0,0.0
37,2019-05-03,45363.6015625,45454.5,45090.8984375,45454.5,1165527,0.0,0.0,0.0
38,2019-05-06,44545.5,44909.1015625,44045.5,44318.19921875,1600654,0.0,0.0,0.0
39,2019-05-07,44636.3984375,45181.80078125,44590.8984375,45181.80078125,1204368,0.0,0.0,0.0
40,2019-05-08,44818.19921875,45181.80078125,44545.5,45136.3984375,1054922,0.0,0.0,0.0
41,2019-05-09,45090.8984375,45136.3984375,44181.80078125,44181.80078125,947034,0.0,0.0,0.0
42,2019-05-10,44545.5,44772.69921875,44318.19921875,44545.5,1130613,0.0,0.0,0.0
43,2019-05-13,44545.5,45272.69921875,44545.5,45000.0,935594,0.0,0.0,0.0
44,2019-05-14,44909.1015625,46181.80078125,44636.3984375,45636.3984375,1716913,0.0,0.0,0.0
45,2019-05-15,45909.1015625,46000.0,45545.5,45818.19921875,1693934,0.0,0.0,0.0
46,2019-05-16,45818.19921875,46090.8984375,45136.3984375,45136.3984375,2288460,0.0,0.0,0.0
47,2019-05-17,45000.0,45000.0,44300.0,44450.0,1487590,0.0,0.0,0.0
48,2019-05-20,44500.0,45300.0,44500.0,45250.0,1792130,0.0,0.0,0.0
49,2019-05-21,45500.0,46050.0,45350.0,45900.0,1016530,0.0,0.0,0.0
50,2019-05-22,45950.0,46150.0,45250.0,45250.0,1563650,0.0,0.0,0.0
51,2019-05-23,45250.0,45800.0,45200.0,45700.0,1267520,0.0,0.0,0.0
52,2019-05-24,45500.0,45950.0,45250.0,45600.0,1014750,0.0,0.0,0.0
53,2019-05-28,45000.0,45400.0,44750.0,44850.0,518470,0.0,0.0,0.0
54,2019-05-29,44850.0,44850.0,44000.0,44100.0,1505300,0.0,0.0,0.0
55,2019-05-30,44100.0,44700.0,43900.0,44550.0,986450,0.0,0.0,0.0
56,2019-05-31,44600.0,44800.0,44100.0,44100.0,611860,0.0,0.0,0.0
57,2019-06-03,44000.0,44100.0,43500.0,43500.0,881810,0.0,0.0,0.0
58,2019-06-04,43500.0,43700.0,43250.0,43300.0,537160,0.0,0.0,0.0
59,2019-06-05,43500.0,43900.0,43500.0,43600.0,500100,0.0,0.0,0.0
60,2019-06-06,43800.0,44700.0,43600.0,44500.0,922740,0.0,0.0,0.0
61,2019-06-07,44800.0,45250.0,44700.0,45200.0,1304680,0.0,0.0,0.0
62,2019-06-10,45500.0,45700.0,44800.0,45100.0,1227340,0.0,0.0,0.0
63,2019-06-11,45100.0,45600.0,44900.0,45200.0,1296500,0.0,0.0,0.0
64,2019-06-12,45200.0,45600.0,45000.0,45050.0,1284520,0.0,0.0,0.0
65,2019-06-13,45050.0,45100.0,44500.0,44550.0,856270,0.0,0.0,0.0
66,2019-06-14,44600.0,44900.0,44400.0,44400.0,559800,0.0,0.0,0.0
67,2019-06-17,44100.0,44500.0,43900.0,44050.0,1013550,0.0,0.0,0.0
68,2019-06-18,44350.0,44450.0,43750.0,44050.0,763680,0.0,0.0,0.0
69,2019-06-19,44300.0,44700.0,44200.0,44650.0,530820,0.0,0.0,0.0
70,2019-06-20,44850.0,45400.0,44650.0,45400.0,1356030,0.0,0.0,0.0
71,2019-06-21,45500.0,45600.0,45250.0,45400.0,872460,0.0,0.0,0.0
72,2019-06-24,45400.0,45450.0,45150.0,45150.0,726160,0.0,0.0,0.0
73,2019-06-25,45000.0,46550.0,44800.0,46500.0,3269450,0.0,0.0,0.0
74,2019-06-26,46500.0,46500.0,46100.0,46150.0,1014470,0.0,0.0,0.0
75,2019-06-27,46050.0,46100.0,45300.0,45400.0,1221860,0.0,0.0,0.0
76,2019-06-28,45400.0,46000.0,44900.0,45500.0,2479220,0.0,0.0,0.0
77,2019-07-01,46000.0,47100.0,45900.0,47100.0,2551280,0.0,0.0,0.0
78,2019-07-02,47000.0,47500.0,46650.0,46900.0,1600280,0.0,0.0,0.0
79,2019-07-03,46700.0,46900.0,46550.0,46800.0,1275860,0.0,0.0,0.0
80,2019-07-05,46800.0,47000.0,46400.0,46600.0,1137770,0.0,0.0,0.0
81,2019-07-08,46500.0,46900.0,46050.0,46300.0,1303050,0.0,0.0,0.0
82,2019-07-09,46300.0,46850.0,46100.0,46750.0,992570,0.0,0.0,0.0
83,2019-07-10,46950.0,47450.0,46800.0,47050.0,1281980,0.0,0.0,0.0
84,2019-07-11,47150.0,47250.0,46800.0,47000.0,854140,0.0,0.0,0.0
85,2019-07-12,47100.0,47450.0,46800.0,47000.0,1241970,0.0,0.0,0.0
86,2019-07-15,46950.0,47550.0,46850.0,47300.0,1176060,0.0,0.0,0.0
87,2019-07-16,47350.0,47800.0,47250.0,47300.0,1160000,0.0,0.0,0.0
88,2019-07-17,47300.0,47500.0,47000.0,47050.0,1292630,0.0,0.0,0.0
89,2019-07-18,47000.0,47100.0,46800.0,46800.0,1035440,0.0,0.0,0.0
90,2019-07-19,46950.0,48300.0,46900.0,48200.0,2811560,0.0,0.0,0.0
91,2019-07-22,48200.0,48650.0,47950.0,48350.0,1755780,0.0,0.0,0.0
92,2019-07-23,48500.0,48800.0,48100.0,48800.0,948550,0.0,0.0,0.0
93,2019-07-24,49350.0,49400.0,48600.0,48600.0,1952770,0.0,0.0,0.0
94,2019-07-25,48600.0,48600.0,48600.0,48600.0,0,0.0,0.0,0.0
95,2019-07-26,48600.0,48600.0,48600.0,48600.0,0,0.0,0.0,0.0
96,2019-07-29,48600.0,48600.0,48600.0,48600.0,0,0.0,0.0,0.0
97,2019-07-30,48600.0,48600.0,48600.0,48600.0,0,0.0,0.0,0.0
98,2019-07-31,47800.0,48400.0,47500.0,48400.0,1111880,0.0,0.0,0.0
99,2019-08-01,48400.0,48600.0,48200.0,48350.0,965060,0.0,0.0,0.0
100,2019-08-02,48050.0,49000.0,47850.0,48800.0,1451900,0.0,0.0,0.0
101,2019-08-05,49000.0,49800.0,48800.0,49000.0,2322100,0.0,0.0,0.0
102,2019-08-06,49000.0,49000.0,49000.0,49000.0,0,0.0,0.0,0.0
103,2019-08-07,49000.0,49750.0,48950.0,49750.0,1246410,0.0,0.0,0.0
104,2019-08-08,49850.0,50600.0,49850.0,50300.0,2085510,0.0,0.0,0.0
105,2019-08-09,50300.0,51400.0,50000.0,51100.0,1751680,0.0,0.0,0.0
106,2019-08-12,51100.0,52600.0,50700.0,52300.0,1817920,0.0,0.0,0.0
107,2019-08-13,52100.0,53200.0,51700.0,52500.0,2237980,0.0,0.0,0.0
108,2019-08-14,53000.0,53700.0,52800.0,53200.0,2205370,0.0,0.0,0.0
109,2019-08-15,51900.0,53000.0,51400.0,53000.0,2223880,0.0,0.0,0.0
110,2019-08-16,53000.0,55100.0,52000.0,52000.0,4531020,0.0,0.0,0.0
111,2019-08-19,52000.0,52700.0,51200.0,52400.0,2849780,0.0,0.0,0.0
112,2019-08-20,52400.0,54000.0,52400.0,54000.0,2277750,0.0,0.0,0.0
113,2019-08-21,54100.0,54500.0,53400.0,53600.0,1808020,0.0,0.0,0.0
114,2019-08-22,53600.0,54300.0,52900.0,53000.0,1892640,0.0,0.0,0.0
115,2019-08-23,53100.0,54400.0,52600.0,54400.0,1868200,0.0,0.0,0.0
116,2019-08-26,53500.0,54200.0,53500.0,53700.0,1756160,0.0,0.0,0.0
117,2019-08-27,54000.0,54300.0,52800.0,52800.0,1566370,0.0,0.0,0.0
118,2019-08-28,53000.0,53200.0,52100.0,52100.0,1537860,0.0,0.0,0.0
119,2019-08-29,52200.0,52800.0,51900.0,52700.0,972940,0.0,0.0,0.0
120,2019-08-30,53000.0,53400.0,52900.0,53100.0,708360,0.0,0.0,0.0
121,2019-09-03,53000.0,54000.0,53000.0,53700.0,1360230,0.0,0.0,0.0
122,2019-09-04,53700.0,54200.0,53000.0,53200.0,1655300,0.0,0.0,0.0
123,2019-09-05,53400.0,53500.0,52600.0,52600.0,1243680,0.0,0.0,0.0
124,2019-09-06,52900.0,53200.0,52300.0,52900.0,1142710,0.0,0.0,0.0
125,2019-09-09,53000.0,54400.0,52500.0,53800.0,2507800,0.0,0.0,0.0
126,2019-09-10,54200.0,54400.0,53600.0,54000.0,1731610,0.0,0.0,0.0
127,2019-09-11,54000.0,54200.0,53400.0,54100.0,1179670,0.0,0.0,0.0
128,2019-09-12,54400.0,56500.0,54400.0,56500.0,3799910,0.0,0.0,0.0
129,2019-09-13,56500.0,57400.0,56300.0,56800.0,2123900,0.0,0.0,0.0
130,2019-09-16,56900.0,58000.0,56700.0,57700.0,1339560,0.0,0.0,0.0
131,2019-09-17,57300.0,58100.0,57100.0,57600.0,1194690,0.0,0.0,0.0
132,2019-09-18,57900.0,57900.0,56300.0,56400.0,2592910,0.0,0.0,0.0
133,2019-09-19,56600.0,57800.0,56200.0,57800.0,1432730,0.0,0.0,0.0
134,2019-09-20,57700.0,58800.0,57600.0,58200.0,1396120,0.0,0.0,0.0
135,2019-09-23,58000.0,58300.0,56500.0,56500.0,2313090,0.0,0.0,0.0
136,2019-09-24,56400.0,57000.0,55800.0,56200.0,2537600,0.0,0.0,0.0
137,2019-09-25,56300.0,57400.0,56100.0,57400.0,1442410,0.0,0.0,0.0
138,2019-09-26,57700.0,58000.0,57200.0,57700.0,992640,0.0,0.0,0.0
139,2019-09-27,57600.0,58800.0,57400.0,58500.0,2510520,0.0,0.0,0.0
140,2019-09-30,59300.0,59500.0,57700.0,57700.0,2199170,0.0,0.0,0.0
141,2019-10-01,57700.0,58500.0,57600.0,58500.0,1644130,0.0,0.0,0.0
142,2019-10-02,58500.0,58600.0,57200.0,57200.0,2439020,0.0,0.0,0.0
143,2019-10-03,56600.0,57400.0,56400.0,57200.0,2804850,0.0,0.0,0.0
144,2019-10-04,57500.0,57500.0,56700.0,56800.0,1271210,0.0,0.0,0.0
145,2019-10-07,56800.0,57200.0,55500.0,55500.0,2371810,0.0,0.0,0.0
146,2019-10-08,55500.0,56200.0,55200.0,56100.0,1337220,0.0,0.0,0.0
147,2019-10-09,56300.0,57000.0,55800.0,56400.0,937530,0.0,0.0,0.0
148,2019-10-10,56600.0,57000.0,56400.0,56400.0,808000,0.0,0.0,0.0
149,2019-10-11,56700.0,56900.0,56400.0,56500.0,794420,0.0,0.0,0.0
150,2019-10-14,57000.0,58200.0,56800.0,57700.0,2231030,0.0,0.0,0.0
151,2019-10-15,57800.0,57800.0,57400.0,57400.0,663910,0.0,0.0,0.0
152,2019-10-16,57800.0,58000.0,57400.0,57500.0,829050,0.0,0.0,0.0
153,2019-10-17,57400.0,57500.0,56600.0,56700.0,1621590,0.0,0.0,0.0
154,2019-10-18,56800.0,57600.0,56600.0,57100.0,1447340,0.0,0.0,0.0
155,2019-10-21,57400.0,57400.0,56300.0,56500.0,1260490,0.0,0.0,0.0
156,2019-10-22,56500.0,56600.0,55700.0,56300.0,1534380,0.0,0.0,0.0
157,2019-10-23,56000.0,57000.0,56000.0,56400.0,747810,0.0,0.0,0.0
158,2019-10-24,56800.0,58200.0,56400.0,58200.0,2233890,0.0,0.0,0.0
159,2019-10-25,58300.0,58500.0,57700.0,58000.0,1355310,0.0,0.0,0.0
160,2019-10-28,58000.0,58800.0,57800.0,58100.0,1494820,0.0,0.0,0.0
161,2019-10-29,58200.0,58300.0,57800.0,57900.0,953020,0.0,0.0,0.0
162,2019-10-30,57900.0,58100.0,57600.0,57800.0,1102070,0.0,0.0,0.0
163,2019-10-31,58000.0,58700.0,57800.0,57900.0,1263390,0.0,0.0,0.0
164,2019-11-01,58000.0,58700.0,57600.0,58500.0,1732950,0.0,0.0,0.0
165,2019-11-04,58700.0,60500.0,58700.0,59900.0,5811560,0.0,0.0,0.0
166,2019-11-05,60100.0,60100.0,59400.0,59800.0,1239520,0.0,0.0,0.0
167,2019-11-06,59800.0,60400.0,59500.0,59500.0,1551610,0.0,0.0,0.0
168,2019-11-07,59500.0,59900.0,59200.0,59500.0,1438030,0.0,0.0,0.0
169,2019-11-08,59800.0,59800.0,59200.0,59600.0,1219540,0.0,0.0,0.0
170,2019-11-11,59700.0,60600.0,59500.0,60000.0,2180490,0.0,0.0,0.0
171,2019-11-12,60000.0,61300.0,60000.0,61000.0,2842650,0.0,0.0,0.0
172,2019-11-13,61200.0,61300.0,60500.0,60500.0,1333940,0.0,0.0,0.0
173,2019-11-14,60500.0,61000.0,57500.0,58300.0,4799390,0.0,0.0,0.0
174,2019-11-15,58300.0,58800.0,57700.0,58600.0,2568040,0.0,0.0,0.0
175,2019-11-18,58400.0,58800.0,57100.0,57500.0,2794920,0.0,0.0,0.0
176,2019-11-19,57500.0,58300.0,57500.0,58300.0,1059770,0.0,0.0,0.0
177,2019-11-20,58200.0,58200.0,56600.0,56800.0,2291760,0.0,0.0,0.0
178,2019-11-21,56800.0,57100.0,55900.0,56000.0,3303950,0.0,0.0,0.0
179,2019-11-22,56300.0,57100.0,55500.0,56000.0,1625820,0.0,0.0,0.0
180,2019-11-25,56100.0,57000.0,55800.0,56600.0,1087990,0.0,0.0,0.0
181,2019-11-26,57000.0,57200.0,56800.0,57100.0,968690,0.0,0.0,0.0
182,2019-11-27,57200.0,57400.0,56900.0,57000.0,812280,0.0,0.0,0.0
183,2019-11-29,56000.0,56800.0,55800.0,56400.0,739370,0.0,0.0,0.0
184,2019-12-02,56500.0,56500.0,54600.0,54600.0,1992380,0.0,0.0,0.0
185,2019-12-03,54200.0,55200.0,53300.0,54500.0,1619120,0.0,0.0,0.0
186,2019-12-04,54500.0,55500.0,54000.0,55400.0,932130,0.0,0.0,0.0
187,2019-12-05,55500.0,55800.0,54800.0,54900.0,1144000,0.0,0.0,0.0
188,2019-12-06,55000.0,55400.0,54700.0,55000.0,556160,0.0,0.0,0.0
189,2019-12-09,55200.0,55800.0,55000.0,55300.0,700960,0.0,0.0,0.0
190,2019-12-10,55300.0,55800.0,54800.0,55500.0,797100,0.0,0.0,0.0
191,2019-12-11,55500.0,56600.0,55200.0,56500.0,877960,0.0,0.0,0.0
192,2019-12-12,56800.0,57200.0,56700.0,57000.0,942410,0.0,0.0,0.0
193,2019-12-13,57200.0,57500.0,56900.0,57100.0,1681700,0.0,0.0,0.0
194,2019-12-16,57100.0,57100.0,56400.0,56500.0,968130,0.0,0.0,0.0
195,2019-12-17,56200.0,56400.0,55100.0,55400.0,2211360,0.0,0.0,0.0
196,2019-12-18,55400.0,56000.0,55000.0,55500.0,1022490,0.0,0.0,0.0
197,2019-12-19,55500.0,56200.0,55400.0,55800.0,817820,0.0,0.0,0.0
198,2019-12-20,56000.0,56700.0,55800.0,56500.0,777100,0.0,0.0,0.0
199,2019-12-23,56900.0,57000.0,56000.0,56100.0,766000,0.0,0.0,0.0
200,2019-12-24,56400.0,56500.0,56100.0,56400.0,692100,0.0,0.0,0.0
201,2019-12-26,57800.0,58100.0,57400.0,57400.0,1124500,0.0,0.0,0.0
202,2019-12-27,57400.0,57800.0,56800.0,57600.0,1004860,0.0,0.0,0.0
203,2019-12-30,57800.0,58900.0,57600.0,58600.0,2881060,0.0,0.0,0.0
204,2019-12-31,58600.0,58700.0,58000.0,58300.0,689030,0.0,0.0,0.0
205,2020-01-02,58300.0,59000.0,58000.0,58600.0,896720,0.0,0.0,0.0
206,2020-01-03,58900.0,59100.0,57400.0,57600.0,2047880,0.0,0.0,0.0
207,2020-01-06,57100.0,57600.0,56800.0,57000.0,1091660,0.0,0.0,0.0
208,2020-01-07,57300.0,58100.0,57000.0,58100.0,837240,0.0,0.0,0.0
209,2020-01-08,57500.0,57700.0,56800.0,56800.0,1814290,0.0,0.0,0.0
210,2020-01-09,57300.0,57700.0,57100.0,57600.0,967050,0.0,0.0,0.0
211,2020-01-10,57500.0,57800.0,57100.0,57500.0,1018650,0.0,0.0,0.0
212,2020-01-13,57400.0,57600.0,57000.0,57100.0,786760,0.0,0.0,0.0
213,2020-01-14,57100.0,57400.0,57000.0,57000.0,721680,0.0,0.0,0.0
214,2020-01-15,57000.0,57100.0,56800.0,57000.0,940870,0.0,0.0,0.0
215,2020-01-16,57000.0,58200.0,57000.0,58000.0,1942970,0.0,0.0,0.0
216,2020-01-17,58000.0,58100.0,57000.0,57600.0,1388810,0.0,0.0,0.0
217,2020-01-21,57800.0,58000.0,55500.0,55500.0,4351820,0.0,0.0,0.0
218,2020-01-22,55000.0,56500.0,54700.0,56500.0,3165650,0.0,0.0,0.0
219,2020-01-23,56500.0,56500.0,56500.0,56500.0,0,0.0,0.0,0.0
220,2020-01-24,56500.0,56500.0,56500.0,56500.0,0,0.0,0.0,0.0
221,2020-01-27,56500.0,56500.0,56500.0,56500.0,0,0.0,0.0,0.0
222,2020-01-28,56500.0,56500.0,56500.0,56500.0,0,0.0,0.0,0.0
223,2020-01-29,56500.0,56500.0,56500.0,56500.0,0,0.0,0.0,0.0
224,2020-01-30,55300.0,55800.0,53900.0,54700.0,2638460,0.0,0.0,0.0
225,2020-01-31,54000.0,54900.0,52000.0,52000.0,4118150,0.0,0.0,0.0
226,2020-02-03,49600.0,52500.0,49000.0,51500.0,3602970,0.0,0.0,0.0
227,2020-02-04,52400.0,52400.0,51000.0,51800.0,1651440,0.0,0.0,0.0
228,2020-02-05,52300.0,52800.0,52000.0,52000.0,1648620,0.0,0.0,0.0
229,2020-02-06,52500.0,53600.0,51800.0,53600.0,1708550,0.0,0.0,0.0
230,2020-02-07,53000.0,53500.0,52800.0,53300.0,1218660,0.0,0.0,0.0
231,2020-02-10,52400.0,53000.0,52100.0,52600.0,738090,0.0,0.0,0.0
232,2020-02-11,52900.0,53700.0,52700.0,53600.0,1085380,0.0,0.0,0.0
233,2020-02-12,53800.0,54700.0,53700.0,54100.0,1104870,0.0,0.0,0.0
234,2020-02-13,54100.0,54500.0,53700.0,54300.0,1030570,0.0,0.0,0.0
235,2020-02-14,54100.0,54500.0,54000.0,54500.0,884240,0.0,0.0,0.0
236,2020-02-18,47304.30078125,48695.69921875,47217.3984375,48695.69921875,2025081,0.0,0.0,0.0
237,2020-02-19,48608.69921875,48869.6015625,48260.8984375,48434.80078125,783437,0.0,0.0,0.0
238,2020-02-20,48782.6015625,49043.5,48260.8984375,48521.69921875,897931,0.0,0.0,0.0
239,2020-02-21,48608.69921875,48608.69921875,47565.19921875,47565.19921875,1676746,0.0,0.0,0.0
240,2020-02-24,46173.8984375,46869.6015625,45652.19921875,45652.19921875,2601288,0.0,0.0,0.0
241,2020-02-25,52100.0,54000.0,52000.0,54000.0,1407720,0.0,0.0,0.0
242,2020-02-26,46434.80078125,48000.0,46087.0,47826.1015625,3704460,0.0,0.0,0.0
243,2020-02-27,47826.1015625,49130.3984375,47478.30078125,48695.69921875,3366096,0.0,0.0,0.0
244,2020-02-28,47826.1015625,48434.80078125,47478.30078125,47913.0,2452030,0.0,0.0,0.0
245,2020-03-02,47913.0,48869.6015625,47652.19921875,48434.80078125,2055119,0.0,0.0,0.0
246,2020-03-03,48869.6015625,49565.19921875,48434.80078125,48608.69921875,1372870,0.0,0.0,0.0
247,2020-03-04,55500.0,55500.0,54900.0,55500.0,1660790,0.0,0.0,0.0
248,2020-03-05,48260.8984375,48608.69921875,47478.30078125,47478.30078125,1490917,0.0,0.0,0.0
249,2020-03-06,47130.3984375,47217.3984375,46521.69921875,46956.5,1500784,0.0,0.0,0.0
250,2020-03-09,44521.69921875,45217.3984375,43739.1015625,43739.1015625,5445411,0.0,0.0,0.0
251,2020-03-10,44347.80078125,45217.3984375,43739.1015625,44956.5,2334891,0.0,0.0,0.0
252,2020-03-11,45217.3984375,45652.19921875,43043.5,44173.8984375,3166306,0.0,0.0,0.0
253,2020-03-12,42260.8984375,42869.6015625,41130.3984375,41826.1015625,4578920,0.0,0.0,0.0
254,2020-03-13,39391.30078125,43478.30078125,39304.30078125,41869.6015625,3357011,0.0,0.0,0.0
255,2020-03-16,41869.6015625,43217.3984375,41304.30078125,41391.30078125,2183804,0.0,0.0,0.0
256,2020-03-17,40869.6015625,42173.8984375,40434.80078125,42173.8984375,2845847,0.0,0.0,0.0
257,2020-03-18,42608.69921875,42695.69921875,42043.5,42087.0,1889220,0.0,0.0,0.0
258,2020-03-19,41391.30078125,41826.1015625,41391.30078125,41478.30078125,1491078,0.0,0.0,0.0
259,2020-03-20,41913.0,41956.5,41173.8984375,41478.30078125,1485064,0.0,0.0,0.0
260,2020-03-23,40087.0,40782.6015625,38608.69921875,38608.69921875,3250693,0.0,0.0,0.0
261,2020-03-24,39130.3984375,39130.3984375,37826.1015625,38695.69921875,2520225,0.0,0.0,0.0
262,2020-03-25,40000.0,40347.80078125,39260.8984375,40000.0,2451558,0.0,0.0,0.0
263,2020-03-26,39565.19921875,39869.6015625,38434.80078125,38434.80078125,2712056,0.0,0.0,0.0
264,2020-03-27,38608.69921875,38608.69921875,37304.30078125,37478.30078125,3028812,0.0,0.0,0.0
265,2020-03-30,35217.3984375,35739.1015625,34869.6015625,35130.3984375,2481343,0.0,0.0,0.0
266,2020-03-31,36087.0,36869.6015625,34869.6015625,35739.1015625,1912507,0.0,0.0,0.0
267,2020-04-01,35478.30078125,37565.19921875,35478.30078125,36782.6015625,1670984,0.0,0.0,0.0
268,2020-04-02,36782.6015625,36782.6015625,36782.6015625,36782.6015625,0,0.0,0.0,0.0
269,2020-04-03,37391.30078125,38826.1015625,37130.3984375,38782.6015625,2382800,0.0,0.0,0.0
270,2020-04-06,40000.0,41304.30078125,39565.19921875,41304.30078125,3126838,0.0,0.0,0.0
271,2020-04-07,41304.30078125,41478.30078125,40434.80078125,41130.3984375,2833381,0.0,0.0,0.0
272,2020-04-08,40087.0,40913.0,39782.6015625,40739.1015625,1813170,0.0,0.0,0.0
273,2020-04-09,40869.6015625,41391.30078125,40434.80078125,40739.1015625,2463725,0.0,0.0,0.0
274,2020-04-13,40347.80078125,40869.6015625,40087.0,40434.80078125,1443664,0.0,0.0,0.0
275,2020-04-14,41391.30078125,43043.5,40869.6015625,43043.5,4682857,0.0,0.0,0.0
276,2020-04-15,43913.0,44173.8984375,43347.80078125,43565.19921875,2535980,0.0,0.0,0.0
277,2020-04-16,43217.3984375,44173.8984375,42869.6015625,43739.1015625,1734752,0.0,0.0,0.0
278,2020-04-17,44521.69921875,44608.69921875,43652.19921875,44521.69921875,3026374,0.0,0.0,0.0
279,2020-04-20,45130.3984375,45217.3984375,44087.0,44608.69921875,2575747,0.0,0.0,0.0
280,2020-04-21,43913.0,44260.8984375,42521.69921875,42869.6015625,4297607,0.0,0.0,0.0
281,2020-04-22,42434.80078125,44521.69921875,42347.80078125,44434.80078125,2812739,0.0,0.0,0.0
282,2020-04-23,45304.30078125,45391.30078125,44347.80078125,44347.80078125,1567921,0.0,0.0,0.0
283,2020-04-24,44260.8984375,44521.69921875,43565.19921875,44347.80078125,1623087,0.0,0.0,0.0
284,2020-04-27,44782.6015625,44782.6015625,43913.0,44087.0,1632712,0.0,0.0,0.0
285,2020-04-28,44087.0,44173.8984375,43652.19921875,44087.0,1120456,0.0,0.0,0.0
286,2020-04-29,44173.8984375,44695.69921875,43913.0,44173.8984375,1551614,0.0,0.0,0.0
287,2020-04-30,44173.8984375,44173.8984375,44173.8984375,44173.8984375,0,0.0,0.0,0.0
288,2020-05-01,44173.8984375,44173.8984375,44173.8984375,44173.8984375,0,0.0,0.0,0.0
289,2020-05-04,43652.19921875,44260.8984375,43304.30078125,43913.0,1029859,0.0,0.0,0.0
290,2020-05-05,44173.8984375,44347.80078125,43826.1015625,44260.8984375,779688,0.0,0.0,0.0
291,2020-05-06,44347.80078125,46173.8984375,44347.80078125,46000.0,3990672,0.0,0.0,0.0
292,2020-05-07,46087.0,46521.69921875,45565.19921875,46521.69921875,2335328,0.0,0.0,0.0
293,2020-05-08,46608.69921875,47913.0,46608.69921875,46695.69921875,4123118,0.0,0.0,0.0
294,2020-05-11,46956.5,47304.30078125,46347.80078125,46956.5,2437344,0.0,0.0,0.0
295,2020-05-12,46956.5,47304.30078125,46608.69921875,47304.30078125,3740280,0.0,0.0,0.0
296,2020-05-13,47500.0,49550.0,47400.0,49350.0,6853810,0.0,0.0,0.0
297,2020-05-14,48950.0,49100.0,48500.0,48700.0,2597400,0.0,0.0,0.0
298,2020-05-15,48700.0,48700.0,48700.0,48700.0,0,0.0,0.0,0.0
299,2020-05-18,48700.0,48700.0,48700.0,48700.0,0,0.0,0.0,0.0
300,2020-05-19,49200.0,49700.0,48600.0,49700.0,2879030,0.0,0.0,0.0
301,2020-05-20,49700.0,49700.0,49700.0,49700.0,0,0.0,0.0,0.0
302,2020-05-21,48900.0,49300.0,48850.0,49300.0,2007060,0.0,0.0,0.0
303,2020-05-22,49000.0,49000.0,48450.0,48450.0,1731720,0.0,0.0,0.0
304,2020-05-26,48500.0,48800.0,48350.0,48800.0,1615680,0.0,0.0,0.0
305,2020-05-27,48900.0,49400.0,48000.0,48000.0,2098580,0.0,0.0,0.0
306,2020-05-28,48200.0,48600.0,48000.0,48000.0,1194380,0.0,0.0,0.0
307,2020-05-29,48000.0,48100.0,47500.0,47950.0,1346170,0.0,0.0,0.0
308,2020-06-01,48000.0,48350.0,48000.0,48300.0,1298150,0.0,0.0,0.0
309,2020-06-02,48300.0,48500.0,48000.0,48000.0,1456730,0.0,0.0,0.0
310,2020-06-03,48000.0,48950.0,47900.0,48650.0,1893060,0.0,0.0,0.0
311,2020-06-04,48900.0,48900.0,48400.0,48400.0,1260060,0.0,0.0,0.0
312,2020-06-05,48400.0,48700.0,48150.0,48700.0,1236200,0.0,0.0,0.0
313,2020-06-08,48700.0,48700.0,48700.0,48700.0,0,0.0,0.0,0.0
314,2020-06-09,48700.0,48700.0,48700.0,48700.0,0,0.0,0.0,0.0
315,2020-06-10,49000.0,49000.0,48400.0,48800.0,1307540,0.0,0.0,0.0
316,2020-06-11,48800.0,48800.0,46000.0,46000.0,4278060,0.0,0.0,0.0
317,2020-06-12,45000.0,47000.0,45000.0,47000.0,3145450,0.0,0.0,0.0
318,2020-06-15,48000.0,48000.0,45900.0,46000.0,1207500,0.0,0.0,0.0
319,2020-06-16,46600.0,46800.0,46300.0,46600.0,1100730,0.0,0.0,0.0
320,2020-06-17,46700.0,46750.0,46250.0,46350.0,788630,0.0,0.0,0.0
321,2020-06-18,46300.0,46700.0,46150.0,46600.0,822980,0.0,0.0,0.0
322,2020-06-19,46600.0,47000.0,46600.0,47000.0,745470,0.0,0.0,0.0
323,2020-06-22,47000.0,47000.0,46850.0,47000.0,787180,0.0,0.0,0.0
324,2020-06-23,46950.0,48400.0,46750.0,47550.0,1693730,0.0,0.0,0.0
325,2020-06-24,47900.0,47950.0,47050.0,47200.0,607000,0.0,0.0,0.0
326,2020-06-25,46650.0,47100.0,46600.0,46800.0,730810,0.0,0.0,0.0
327,2020-06-26,46800.0,47150.0,46700.0,46850.0,602880,0.0,0.0,0.0
328,2020-06-29,46600.0,46600.0,45850.0,46050.0,1281220,0.0,0.0,0.0
329,2020-06-30,46150.0,46400.0,45400.0,45650.0,1594210,0.0,0.0,0.0
330,2020-07-01,46000.0,46300.0,45800.0,46200.0,866660,0.0,0.0,0.0
331,2020-07-02,46300.0,46300.0,45950.0,46150.0,539160,0.0,0.0,0.0
332,2020-07-06,46500.0,46950.0,46300.0,46800.0,1089910,0.0,0.0,0.0
333,2020-07-07,47000.0,47900.0,47000.0,47450.0,2739150,0.0,0.0,0.0
334,2020-07-08,47300.0,47900.0,47300.0,47700.0,1472610,0.0,0.0,0.0
335,2020-07-09,47900.0,48400.0,47800.0,48350.0,2298900,0.0,0.0,0.0
336,2020-07-10,48350.0,48350.0,48350.0,48350.0,0,0.0,0.0,0.0
337,2020-07-13,48000.0,48950.0,47750.0,48650.0,2662490,0.0,0.0,0.0
338,2020-07-14,48300.0,48850.0,48300.0,48550.0,1549540,0.0,0.0,0.0
339,2020-07-15,48550.0,48550.0,48550.0,48550.0,0,0.0,0.0,0.0
340,2020-07-16,48550.0,48750.0,48400.0,48600.0,1060530,0.0,0.0,0.0
341,2020-07-17,48500.0,48500.0,48100.0,48100.0,1313100,0.0,0.0,0.0
342,2020-07-20,48100.0,48200.0,47350.0,47400.0,2049680,0.0,0.0,0.0
343,2020-07-21,47500.0,47950.0,47250.0,47800.0,940230,0.0,0.0,0.0
344,2020-07-22,48000.0,48000.0,47300.0,47400.0,817890,0.0,0.0,0.0
345,2020-07-23,47400.0,47750.0,47100.0,47750.0,918630,0.0,0.0,0.0
346,2020-07-24,47400.0,47550.0,45400.0,45900.0,3170540,0.0,0.0,0.0
347,2020-07-27,45000.0,45900.0,43600.0,43700.0,3274350,0.0,0.0,0.0
348,2020-07-28,44400.0,45800.0,44150.0,45700.0,1953510,0.0,0.0,0.0
349,2020-07-29,44400.0,44900.0,43800.0,44550.0,1554200,0.0,0.0,0.0
350,2020-07-30,44600.0,45150.0,44600.0,45150.0,612240,0.0,0.0,0.0
351,2020-07-31,44000.0,45200.0,44000.0,44500.0,1106250,0.0,0.0,0.0
352,2020-08-03,44500.0,45900.0,44500.0,45900.0,1392200,0.0,0.0,0.0
353,2020-08-04,46500.0,46800.0,46200.0,46550.0,1051310,0.0,0.0,0.0
354,2020-08-05,46500.0,47150.0,46250.0,47000.0,1328520,0.0,0.0,0.0
355,2020-08-06,47000.0,47250.0,46700.0,46800.0,1153660,0.0,0.0,0.0
356,2020-08-07,46800.0,47800.0,46800.0,47100.0,1283690,0.0,0.0,0.0
357,2020-08-10,47350.0,47800.0,47100.0,47200.0,1160370,0.0,0.0,0.0
358,2020-08-11,47450.0,47450.0,47000.0,47000.0,1209690,0.0,0.0,0.0
359,2020-08-12,47100.0,47500.0,46900.0,47500.0,1233230,0.0,0.0,0.0
360,2020-08-13,47700.0,47950.0,47500.0,47950.0,1709100,0.0,0.0,0.0
361,2020-08-14,48100.0,48200.0,47450.0,47800.0,1633770,0.0,0.0,0.0
362,2020-08-17,46900.0,47000.0,46500.0,47000.0,1048820,0.0,0.0,0.0
363,2020-08-18,47000.0,47150.0,46800.0,46850.0,625200,0.0,0.0,0.0
364,2020-08-19,46900.0,47050.0,46650.0,46850.0,877190,0.0,0.0,0.0
365,2020-08-20,46900.0,47450.0,46850.0,47050.0,1824430,0.0,0.0,0.0
366,2020-08-21,47250.0,47500.0,47200.0,47400.0,1260210,0.0,0.0,0.0
367,2020-08-24,47950.0,48600.0,47850.0,48450.0,3540210,0.0,0.0,0.0
368,2020-08-25,48600.0,48950.0,48550.0,48850.0,3304670,0.0,0.0,0.0
369,2020-08-26,48800.0,48850.0,48200.0,48400.0,1328990,0.0,0.0,0.0
370,2020-08-27,48250.0,50100.0,48250.0,49850.0,3724990,0.0,0.0,0.0
371,2020-08-28,50200.0,51100.0,49900.0,49900.0,4009380,0.0,0.0,0.0
372,2020-08-31,49900.0,50300.0,49350.0,49500.0,1940640,0.0,0.0,0.0
373,2020-09-01,49500.0,50500.0,49350.0,49900.0,1757410,0.0,0.0,0.0
374,2020-09-02,49900.0,49900.0,49900.0,49900.0,0,0.0,0.0,0.0
375,2020-09-03,50400.0,50500.0,49900.0,50400.0,2281510,0.0,0.0,0.0
376,2020-09-04,49500.0,50000.0,49500.0,50000.0,1538510,0.0,0.0,0.0
377,2020-09-08,48750.0,49500.0,48500.0,49500.0,1628870,0.0,0.0,0.0
378,2020-09-09,48650.0,49500.0,48600.0,49200.0,1490820,0.0,0.0,0.0
379,2020-09-10,49500.0,49800.0,49100.0,49200.0,1005950,0.0,0.0,0.0
380,2020-09-11,49200.0,49200.0,49200.0,49200.0,0,0.0,0.0,0.0
381,2020-09-14,49250.0,49500.0,49100.0,49300.0,1127400,0.0,0.0,0.0
382,2020-09-15,49500.0,50000.0,49300.0,50000.0,1906730,0.0,0.0,0.0
383,2020-09-16,50000.0,50800.0,50000.0,50500.0,1918130,0.0,0.0,0.0
384,2020-09-17,50300.0,50500.0,49900.0,50000.0,1563010,0.0,0.0,0.0
385,2020-09-18,50100.0,51400.0,50000.0,51200.0,3306720,0.0,0.0,0.0
386,2020-09-21,51300.0,51700.0,51200.0,51200.0,1530250,0.0,0.0,0.0
387,2020-09-22,50800.0,51300.0,50600.0,51300.0,1630570,0.0,0.0,0.0
388,2020-09-23,51300.0,51500.0,50800.0,51100.0,1797680,0.0,0.0,0.0
389,2020-09-24,50700.0,51000.0,50200.0,50500.0,1728380,0.0,0.0,0.0
390,2020-09-25,50700.0,50800.0,50000.0,50800.0,1205550,0.0,0.0,0.0
391,2020-09-28,50900.0,51300.0,50600.0,51100.0,1312300,0.0,0.0,0.0
392,2020-09-29,51400.0,51400.0,50200.0,50200.0,1900490,0.0,0.0,0.0
393,2020-09-30,50200.0,50400.0,49750.0,50000.0,2500310,0.0,0.0,0.0
394,2020-10-01,50200.0,50800.0,50200.0,50800.0,905510,0.0,0.0,0.0
395,2020-10-02,50800.0,51100.0,49000.0,50300.0,1947940,0.0,0.0,0.0
396,2020-10-05,50400.0,50800.0,49900.0,50500.0,1498360,0.0,0.0,0.0
397,2020-10-06,50800.0,50900.0,50300.0,50500.0,1520290,0.0,0.0,0.0
398,2020-10-07,50200.0,50700.0,50200.0,50400.0,1493710,0.0,0.0,0.0
399,2020-10-08,50500.0,51500.0,50300.0,51100.0,3062690,0.0,0.0,0.0
400,2020-10-09,51000.0,51200.0,50800.0,50800.0,1173500,0.0,0.0,0.0
401,2020-10-12,50900.0,51400.0,50600.0,50900.0,1550680,0.0,0.0,0.0
402,2020-10-13,50900.0,51000.0,50500.0,50700.0,1222200,0.0,0.0,0.0
403,2020-10-14,50800.0,51400.0,50400.0,51000.0,2409760,0.0,0.0,0.0
404,2020-10-15,51200.0,51400.0,50700.0,51200.0,1925370,0.0,0.0,0.0
405,2020-10-16,51200.0,53900.0,50900.0,53200.0,5769540,0.0,0.0,0.0
406,2020-10-19,53600.0,53800.0,53000.0,53300.0,2333670,0.0,0.0,0.0
407,2020-10-20,53100.0,53300.0,52500.0,53200.0,1886160,0.0,0.0,0.0
408,2020-10-21,53200.0,54500.0,52800.0,52800.0,3305010,0.0,0.0,0.0
409,2020-10-22,52800.0,54000.0,52600.0,54000.0,2346540,0.0,0.0,0.0
410,2020-10-23,54200.0,54500.0,53500.0,53900.0,2646310,0.0,0.0,0.0
411,2020-10-26,53900.0,54500.0,52800.0,52800.0,3852510,0.0,0.0,0.0
412,2020-10-27,52900.0,53200.0,52100.0,52100.0,3188810,0.0,0.0,0.0
413,2020-10-28,52000.0,52400.0,50700.0,50700.0,3596230,0.0,0.0,0.0
414,2020-10-29,50400.0,51300.0,50200.0,50900.0,2719690,0.0,0.0,0.0
415,2020-10-30,51400.0,51500.0,50500.0,51500.0,1469970,0.0,0.0,0.0
416,2020-11-02,51500.0,51700.0,51200.0,51700.0,866110,0.0,0.0,0.0
417,2020-11-03,51900.0,52900.0,51700.0,52800.0,2562890,0.0,0.0,0.0
418,2020-11-04,53000.0,53300.0,52500.0,53000.0,1369690,0.0,0.0,0.0
419,2020-11-05,52700.0,53400.0,52000.0,52000.0,1305860,0.0,0.0,0.0
420,2020-11-06,52400.0,52800.0,52100.0,52400.0,987260,0.0,0.0,0.0
421,2020-11-09,52800.0,53400.0,52700.0,53400.0,2011650,0.0,0.0,0.0
422,2020-11-10,54000.0,54000.0,53000.0,53000.0,1739340,0.0,0.0,0.0
423,2020-11-11,53400.0,53400.0,52700.0,53000.0,1668230,0.0,0.0,0.0
424,2020-11-12,53000.0,53500.0,52900.0,53500.0,1234540,0.0,0.0,0.0
425,2020-11-13,53800.0,53800.0,53500.0,53800.0,1318170,0.0,0.0,0.0
426,2020-11-16,54000.0,54400.0,53000.0,53300.0,3713690,0.0,0.0,0.0
427,2020-11-17,53600.0,54100.0,53000.0,54000.0,2515530,0.0,0.0,0.0
428,2020-11-18,54300.0,54300.0,53700.0,54000.0,1757160,0.0,0.0,0.0
429,2020-11-19,54300.0,56000.0,54000.0,55100.0,4980430,0.0,0.0,0.0
430,2020-11-20,55100.0,55900.0,55000.0,55200.0,1837360,0.0,0.0,0.0
431,2020-11-23,55200.0,56200.0,54600.0,55900.0,2824640,0.0,0.0,0.0
432,2020-11-24,55900.0,56500.0,55000.0,55600.0,3003940,0.0,0.0,0.0
433,2020-11-25,56300.0,56300.0,55200.0,55200.0,1835630,0.0,0.0,0.0
434,2020-11-27,55900.0,56200.0,55600.0,56200.0,1986420,0.0,0.0,0.0
435,2020-11-30,56700.0,56700.0,55400.0,55400.0,2761700,0.0,0.0,0.0
436,2020-12-01,55000.0,55400.0,54800.0,55200.0,3427370,0.0,0.0,0.0
437,2020-12-02,55000.0,55700.0,55000.0,55600.0,2108200,0.0,0.0,0.0
438,2020-12-03,55500.0,55700.0,55100.0,55600.0,1627980,0.0,0.0,0.0
439,2020-12-04,55400.0,55900.0,55400.0,55700.0,1380920,0.0,0.0,0.0
440,2020-12-07,55900.0,56000.0,55500.0,55700.0,1455180,0.0,0.0,0.0
441,2020-12-08,55700.0,56600.0,55500.0,56200.0,2297110,0.0,0.0,0.0
442,2020-12-09,56300.0,57800.0,56200.0,57500.0,3001820,0.0,0.0,0.0
443,2020-12-10,57000.0,57700.0,56500.0,56500.0,2112490,0.0,0.0,0.0
444,2020-12-11,56600.0,57000.0,56300.0,57000.0,1750270,0.0,0.0,0.0
445,2020-12-14,57000.0,58000.0,56900.0,57200.0,1443760,0.0,0.0,0.0
446,2020-12-15,57500.0,57600.0,56600.0,56700.0,2666900,0.0,0.0,0.0
447,2020-12-16,57200.0,57500.0,57000.0,57100.0,1995530,0.0,0.0,0.0
448,2020-12-17,56900.0,57100.0,56000.0,56500.0,3594500,0.0,0.0,0.0
449,2020-12-18,56500.0,57100.0,56500.0,56900.0,1532820,0.0,0.0,0.0
450,2020-12-21,57300.0,57800.0,57100.0,57500.0,2307390,0.0,0.0,0.0
451,2020-12-22,57400.0,58500.0,57100.0,58100.0,2576390,0.0,0.0,0.0
452,2020-12-23,58300.0,58600.0,57200.0,57500.0,1391420,0.0,0.0,0.0
453,2020-12-24,57500.0,57800.0,56400.0,57000.0,2386210,0.0,0.0,0.0
454,2020-12-28,57900.0,58600.0,57500.0,57900.0,2197090,0.0,0.0,0.0
455,2020-12-29,57900.0,58800.0,57600.0,58600.0,2172950,0.0,0.0,0.0
456,2020-12-30,58900.0,58900.0,58100.0,58100.0,1204180,0.0,0.0,0.0
457,2020-12-31,58100.0,59200.0,58000.0,59100.0,2036370,0.0,0.0,0.0
458,2021-01-04,59600.0,60200.0,59300.0,60200.0,215130,0.0,0.0,0.0
459,2021-01-05,60000.0,63500.0,59800.0,62700.0,233220,0.0,0.0,0.0
460,2021-01-06,63100.0,63600.0,62300.0,62400.0,179600,0.0,0.0,0.0
461,2021-01-07,62600.0,62900.0,61900.0,62500.0,215020,0.0,0.0,0.0
462,2021-01-08,63000.0,63700.0,62600.0,63300.0,272040,0.0,0.0,0.0
463,2021-01-11,63900.0,64700.0,63300.0,64700.0,197280,0.0,0.0,0.0
464,2021-01-12,65000.0,66000.0,64000.0,65800.0,243520,0.0,0.0,0.0
465,2021-01-13,65900.0,67400.0,65900.0,66500.0,261200,0.0,0.0,0.0
466,2021-01-14,66500.0,67000.0,65700.0,66400.0,177750,0.0,0.0,0.0
467,2021-01-15,67000.0,67000.0,66400.0,66600.0,154040,0.0,0.0,0.0
468,2021-01-19,66000.0,66100.0,61700.0,62000.0,350560,0.0,0.0,0.0
469,2021-01-20,62700.0,63700.0,60200.0,63300.0,366380,0.0,0.0,0.0
470,2021-01-21,64500.0,65800.0,63300.0,65600.0,231310,0.0,0.0,0.0
471,2021-01-22,65700.0,67500.0,65400.0,66900.0,209030,0.0,0.0,0.0
472,2021-01-25,66800.0,68200.0,66200.0,67000.0,311190,0.0,0.0,0.0
473,2021-01-26,67500.0,67500.0,65500.0,66000.0,259750,0.0,0.0,0.0
474,2021-01-27,65700.0,66100.0,62900.0,63000.0,222680,0.0,0.0,0.0
475,2021-01-28,60000.0,62300.0,58600.0,58600.0,509240,0.0,0.0,0.0
476,2021-01-29,59000.0,62700.0,59000.0,62700.0,321190,0.0,0.0,0.0
477,2021-02-01,64400.0,65400.0,62300.0,63500.0,201740,0.0,0.0,0.0
478,2021-02-02,63100.0,66000.0,63000.0,66000.0,326460,0.0,0.0,0.0
479,2021-02-03,67500.0,70600.0,66100.0,70000.0,417350,0.0,0.0,0.0
480,2021-02-04,70200.0,73200.0,70200.0,72500.0,439870,0.0,0.0,0.0
481,2021-02-05,73000.0,73400.0,71800.0,72900.0,208490,0.0,0.0,0.0
482,2021-02-08,72900.0,72900.0,69600.0,71300.0,403560,0.0,0.0,0.0
483,2021-02-09,71300.0,71300.0,71300.0,71300.0,0,0.0,0.0,0.0
484,2021-02-10,71300.0,71300.0,71300.0,71300.0,0,0.0,0.0,0.0
485,2021-02-11,71300.0,71300.0,71300.0,71300.0,0,0.0,0.0,0.0
486,2021-02-12,71300.0,71300.0,71300.0,71300.0,0,0.0,0.0,0.0
487,2021-02-16,71300.0,71300.0,71300.0,71300.0,0,0.0,0.0,0.0
488,2021-02-17,76300.0,79000.0,75900.0,77900.0,313910,0.0,0.0,0.0
489,2021-02-18,78000.0,78300.0,76600.0,78200.0,224310,0.0,0.0,0.0
490,2021-02-19,77300.0,78000.0,76000.0,76600.0,372270,0.0,0.0,0.0
491,2021-02-22,76600.0,77500.0,76100.0,76800.0,231930,0.0,0.0,0.0
492,2021-02-23,76300.0,77000.0,74600.0,75500.0,336950,0.0,0.0,0.0
493,2021-02-24,75500.0,75500.0,75500.0,75500.0,0,0.0,0.0,0.0
494,2021-02-25,76100.0,76300.0,74500.0,76200.0,192750,0.0,0.0,0.0
495,2021-02-26,75000.0,76400.0,74900.0,76200.0,193600,0.0,0.0,0.0
496,2021-03-01,76800.0,78000.0,76800.0,77900.0,207810,0.0,0.0,0.0
497,2021-03-02,78900.0,78900.0,76900.0,77900.0,182170,0.0,0.0,0.0
498,2021-03-03,78000.0,78100.0,77400.0,77700.0,159940,0.0,0.0,0.0
499,2021-03-04,77700.0,77800.0,75100.0,75900.0,290150,0.0,0.0,0.0
500,2021-03-05,75500.0,76000.0,74500.0,75900.0,250750,0.0,0.0,0.0
501,2021-03-08,76000.0,76500.0,75400.0,75800.0,165660,0.0,0.0,0.0
502,2021-03-09,75000.0,75700.0,74500.0,75000.0,218240,0.0,0.0,0.0
503,2021-03-10,75900.0,77500.0,75000.0,76300.0,260240,0.0,0.0,0.0
504,2021-03-11,76500.0,77100.0,76100.0,76700.0,147780,0.0,0.0,0.0
505,2021-03-12,77000.0,77100.0,76300.0,76500.0,206280,0.0,0.0,0.0
506,2021-03-15,76600.0,77500.0,76100.0,76500.0,176090,0.0,0.0,0.0
507,2021-03-16,77000.0,81500.0,76600.0,81000.0,511100,0.0,0.0,0.0
508,2021-03-17,81500.0,81500.0,80000.0,80800.0,160320,0.0,0.0,0.0
509,2021-03-18,81000.0,81000.0,80000.0,81000.0,180750,0.0,0.0,0.0
510,2021-03-19,80000.0,80500.0,79400.0,79800.0,224780,0.0,0.0,0.0
511,2021-03-22,79500.0,79600.0,78300.0,78700.0,208480,0.0,0.0,0.0
512,2021-03-23,78500.0,80000.0,78300.0,78800.0,220170,0.0,0.0,0.0
513,2021-03-24,77900.0,78900.0,76500.0,77000.0,248010,0.0,0.0,0.0
514,2021-03-25,77500.0,77500.0,76500.0,76600.0,230540,0.0,0.0,0.0
515,2021-03-26,76200.0,76800.0,74500.0,76100.0,267260,0.0,0.0,0.0
516,2021-03-29,76500.0,78100.0,76100.0,77600.0,199770,0.0,0.0,0.0
517,2021-03-30,77900.0,78000.0,77000.0,77100.0,151250,0.0,0.0,0.0
518,2021-03-31,77100.0,78100.0,76600.0,77700.0,137340,0.0,0.0,0.0
519,2021-04-01,77900.0,79700.0,77900.0,79700.0,250090,0.0,0.0,0.0
520,2021-04-05,80400.0,80500.0,78900.0,79600.0,148700,0.0,0.0,0.0
521,2021-04-06,79100.0,80000.0,79100.0,79400.0,150580,0.0,0.0,0.0
522,2021-04-07,79200.0,79700.0,79100.0,79600.0,150380,0.0,0.0,0.0
523,2021-04-08,80200.0,80600.0,79500.0,79600.0,160980,0.0,0.0,0.0
524,2021-04-09,79900.0,83000.0,79900.0,82100.0,397040,0.0,0.0,0.0
525,2021-04-12,82400.0,82400.0,81500.0,82100.0,202250,0.0,0.0,0.0
526,2021-04-13,82000.0,82200.0,80500.0,80700.0,203810,0.0,0.0,0.0
527,2021-04-14,80000.0,81000.0,79500.0,81000.0,253060,0.0,0.0,0.0
528,2021-04-15,81000.0,81400.0,79800.0,80000.0,209620,0.0,0.0,0.0
529,2021-04-16,79800.0,81200.0,78800.0,79700.0,219460,0.0,0.0,0.0
530,2021-04-19,80000.0,81500.0,79500.0,81500.0,238080,0.0,0.0,0.0
531,2021-04-20,81800.0,84900.0,81600.0,82900.0,474280,0.0,0.0,0.0
532,2021-04-21,82900.0,82900.0,82900.0,82900.0,0,0.0,0.0,0.0
533,2021-04-22,82000.0,83900.0,80000.0,80000.0,227120,0.0,0.0,0.0
534,2021-04-23,80000.0,83000.0,79700.0,83000.0,316640,0.0,0.0,0.0
535,2021-04-26,82500.0,82800.0,80500.0,81000.0,255130,0.0,0.0,0.0
536,2021-04-27,80400.0,81400.0,80100.0,80700.0,128710,0.0,0.0,0.0
537,2021-04-28,80100.0,81300.0,80100.0,80800.0,136670,0.0,0.0,0.0
538,2021-04-29,80800.0,81800.0,80800.0,80900.0,209550,0.0,0.0,0.0
539,2021-04-30,80900.0,80900.0,80900.0,80900.0,0,0.0,0.0,0.0
540,2021-05-03,80900.0,80900.0,80900.0,80900.0,0,0.0,0.0,0.0
541,2021-05-04,80000.0,83500.0,80000.0,82900.0,236210,0.0,0.0,0.0
542,2021-05-05,84500.0,84500.0,82700.0,82900.0,232130,0.0,0.0,0.0
543,2021-05-06,83000.0,83500.0,82200.0,82700.0,196900,0.0,0.0,0.0
544,2021-05-07,82700.0,84000.0,82300.0,83000.0,270590,0.0,0.0,0.0
545,2021-05-10,83100.0,86000.0,83000.0,85800.0,450430,0.0,0.0,0.0
546,2021-05-11,86000.0,86600.0,85200.0,85200.0,207870,0.0,0.0,0.0
547,2021-05-12,85000.0,85400.0,84300.0,85400.0,184450,0.0,0.0,0.0
548,2021-05-13,85000.0,85400.0,84000.0,84000.0,255830,0.0,0.0,0.0
549,2021-05-14,84300.0,86200.0,84100.0,84800.0,185870,0.0,0.0,0.0
550,2021-05-17,85800.0,86600.0,85200.0,85700.0,174450,0.0,0.0,0.0
551,2021-05-18,75130.3984375,76000.0,74956.5,75652.203125,245352,0.0,0.0,0.0
552,2021-05-19,76087.0,79217.3984375,75478.296875,78956.5,330774,0.0,0.0,0.0
553,2021-05-20,78956.5,83043.5,78608.703125,83043.5,405248,0.0,0.0,0.0
554,2021-05-21,82000.0,84000.0,80869.6015625,81565.203125,370610,0.0,0.0,0.0
555,2021-05-24,81565.203125,81652.203125,80087.0,81304.3984375,306992,0.0,0.0,0.0
556,2021-05-25,81304.3984375,82782.6015625,80695.6015625,81565.203125,247974,0.0,0.0,0.0
557,2021-05-26,81913.0,83043.5,81478.296875,82869.6015625,229172,0.0,0.0,0.0
558,2021-05-27,82869.6015625,82956.5,81304.3984375,81565.203125,200767,0.0,0.0,0.0
559,2021-05-28,81739.1015625,82608.703125,81478.296875,82434.796875,215544,0.0,0.0,0.0
560,2021-06-01,87900.0,88500.0,87000.0,87100.0,349500,0.0,0.0,0.0
561,2021-06-02,87100.0,87500.0,85000.0,85500.0,305390,0.0,0.0,0.0
562,2021-06-03,85000.0,85400.0,84300.0,85200.0,319080,0.0,0.0,0.0
563,2021-06-04,85000.0,85100.0,83800.0,84700.0,382060,0.0,0.0,0.0
564,2021-06-07,84600.0,84700.0,81000.0,82700.0,3711200,0.0,0.0,0.0
565,2021-06-08,82700.0,82700.0,82700.0,82700.0,0,0.0,0.0,0.0
566,2021-06-09,80600.0,82100.0,79000.0,81700.0,3576100,0.0,0.0,0.0
567,2021-06-10,81700.0,82500.0,81000.0,81900.0,2214900,0.0,0.0,0.0
568,2021-06-11,81500.0,83900.0,81300.0,83500.0,2359600,0.0,0.0,0.0
569,2021-06-14,83500.0,84600.0,83000.0,83800.0,2547600,0.0,0.0,0.0
570,2021-06-15,83800.0,84500.0,83200.0,83200.0,1778700,0.0,0.0,0.0
571,2021-06-16,83200.0,84600.0,82700.0,83100.0,2462000,0.0,0.0,0.0
572,2021-06-17,82100.0,83100.0,82100.0,82600.0,2236400,0.0,0.0,0.0
573,2021-06-18,83100.0,84200.0,82700.0,83800.0,1681700,0.0,0.0,0.0
574,2021-06-21,83600.0,86300.0,83200.0,85600.0,3878300,0.0,0.0,0.0
575,2021-06-22,86100.0,86600.0,85400.0,85400.0,1760300,0.0,0.0,0.0
576,2021-06-29,86600.0,89000.0,86300.0,88600.0,4897800,0.0,0.0,0.0
577,2021-06-30,89000.0,89100.0,88000.0,88000.0,1651100,0.0,0.0,0.0
578,2021-07-01,88100.0,88900.0,88000.0,88900.0,1700100,0.0,0.0,0.0
579,2021-07-02,89300.0,92500.0,88900.0,91900.0,3873500,0.0,0.0,0.0
580,2021-07-06,91900.0,91900.0,91900.0,91900.0,0,0.0,0.0,0.0
581,2021-07-07,91900.0,91900.0,91900.0,91900.0,0,0.0,0.0,0.0
582,2021-07-08,91900.0,91900.0,91900.0,91900.0,0,0.0,0.0,0.0
583,2021-07-09,89600.0,92000.0,88800.0,89700.0,2947000,0.0,0.0,0.0
584,2021-07-12,89700.0,89700.0,89700.0,89700.0,0,0.0,0.0,0.0
585,2021-07-13,86900.0,87300.0,85000.0,87000.0,2207400,0.0,0.0,0.0
586,2021-07-14,87000.0,87000.0,87000.0,87000.0,0,0.0,0.0,0.0
587,2021-07-15,84700.0,86600.0,84700.0,85400.0,2714600,0.0,0.0,0.0
588,2021-07-16,85400.0,85400.0,85400.0,85400.0,0,0.0,0.0,0.0
589,2021-07-19,85200.0,86400.0,84500.0,84700.0,3288800,0.0,0.0,0.0
590,2021-07-20,84800.0,86800.0,83900.0,86800.0,2553700,0.0,0.0,0.0
591,2021-07-21,86800.0,87900.0,86100.0,86600.0,3369200,0.0,0.0,0.0
592,2021-07-22,86200.0,89600.0,86200.0,89400.0,4445600,0.0,0.0,0.0
593,2021-07-23,89400.0,92900.0,88700.0,90500.0,6755700,0.0,0.0,0.0
594,2021-07-26,90300.0,93900.0,90200.0,93700.0,5773100,0.0,0.0,0.0
595,2021-07-27,94400.0,94900.0,92500.0,93200.0,5007000,0.0,0.0,0.0
596,2021-07-28,92800.0,93700.0,91700.0,92000.0,3346700,0.0,0.0,0.0
597,2021-07-29,92000.0,93900.0,91700.0,93400.0,3712900,0.0,0.0,0.0
598,2021-07-30,93500.0,94800.0,92800.0,94000.0,4525900,0.0,0.0,0.0
599,2021-08-02,94000.0,94000.0,94000.0,94000.0,0,0.0,0.0,0.0
600,2021-08-03,95800.0,96000.0,94700.0,95800.0,3607200,0.0,0.0,0.0
601,2021-08-04,95800.0,95800.0,95800.0,95800.0,0,0.0,0.0,0.0
602,2021-08-05,95200.0,97000.0,94900.0,96600.0,2485600,0.0,0.0,0.0
603,2021-08-06,96800.0,97200.0,95800.0,96600.0,3413900,0.0,0.0,0.0
604,2021-08-09,97000.0,97700.0,95900.0,97500.0,2934500,0.0,0.0,0.0
605,2021-08-10,97500.0,97500.0,97500.0,97500.0,0,0.0,0.0,0.0
606,2021-08-11,97700.0,97800.0,96100.0,96100.0,4883200,0.0,0.0,0.0
607,2021-08-12,95800.0,96000.0,93400.0,93800.0,8399400,0.0,0.0,0.0
608,2021-08-13,93100.0,95000.0,93000.0,95000.0,3618700,0.0,0.0,0.0
609,2021-08-16,95000.0,95200.0,94400.0,94600.0,1906800,0.0,0.0,0.0
610,2021-08-17,94600.0,94600.0,94600.0,94600.0,0,0.0,0.0,0.0
611,2021-08-18,93800.0,94900.0,93800.0,94000.0,1951000,0.0,0.0,0.0
612,2021-08-19,95000.0,95000.0,93800.0,94500.0,2721600,0.0,0.0,0.0
613,2021-08-20,94500.0,94700.0,91100.0,92800.0,4349300,0.0,0.0,0.0
614,2021-08-23,92500.0,92500.0,91000.0,91000.0,3436600,0.0,0.0,0.0
615,2021-08-24,91500.0,92000.0,89900.0,91900.0,3081500,0.0,0.0,0.0
616,2021-08-25,92400.0,92400.0,91000.0,91900.0,1344000,0.0,0.0,0.0
617,2021-08-26,92000.0,92900.0,91200.0,91400.0,1758700,0.0,0.0,0.0
618,2021-08-27,91000.0,92000.0,90600.0,92000.0,1896200,0.0,0.0,0.0
619,2021-08-30,93000.0,93000.0,92100.0,92200.0,1494800,0.0,0.0,0.0
620,2021-08-31,92300.0,93200.0,92000.0,92400.0,1952500,0.0,0.0,0.0
621,2021-09-01,92100.0,93000.0,92100.0,92400.0,1353300,0.0,0.0,0.0
622,2021-09-02,92400.0,92400.0,92400.0,92400.0,0,0.0,0.0,0.0
623,2021-09-03,92400.0,92400.0,92400.0,92400.0,0,0.0,0.0,0.0
624,2021-09-07,95300.0,95300.0,93500.0,93500.0,2290600,0.0,0.0,0.0
625,2021-09-08,93500.0,93500.0,93500.0,93500.0,0,0.0,0.0,0.0
626,2021-09-09,93100.0,93900.0,92800.0,93200.0,1393700,0.0,0.0,0.0
627,2021-09-10,93400.0,94400.0,93400.0,93500.0,1440100,0.0,0.0,0.0
628,2021-09-13,93600.0,94000.0,92900.0,93000.0,1600000,0.0,0.0,0.0
629,2021-09-14,93300.0,94700.0,93000.0,93800.0,2523200,0.0,0.0,0.0
630,2021-09-15,93800.0,94400.0,93300.0,94100.0,1690100,0.0,0.0,0.0
631,2021-09-16,94400.0,95000.0,94200.0,94700.0,1924700,0.0,0.0,0.0
632,2021-09-17,95500.0,97000.0,95400.0,95700.0,3325700,0.0,0.0,0.0
633,2021-09-20,96000.0,96200.0,94100.0,94400.0,2526100,0.0,0.0,0.0
634,2021-09-21,94400.0,94400.0,94400.0,94400.0,0,0.0,0.0,0.0
635,2021-09-22,94400.0,94400.0,94400.0,94400.0,0,0.0,0.0,0.0
636,2021-09-23,93200.0,93800.0,93000.0,93100.0,1394200,0.0,0.0,0.0
637,2021-09-24,93200.0,93200.0,92700.0,92700.0,144900000,0.0,0.0,0.0
638,2021-09-27,92900.0,93500.0,92100.0,92100.0,1546100,0.0,0.0,0.0
639,2021-09-28,91700.0,93000.0,91500.0,93000.0,1393500,0.0,0.0,0.0
640,2021-09-29,93000.0,93400.0,92300.0,93200.0,1177400,0.0,0.0,0.0
641,2021-09-30,93500.0,93900.0,93000.0,93000.0,996900,0.0,0.0,0.0
642,2021-10-01,92900.0,93100.0,92500.0,92900.0,1055400,0.0,0.0,0.0
643,2021-10-04,93000.0,95200.0,92400.0,94600.0,227780000,0.0,0.0,0.0
644,2021-10-05,95000.0,96000.0,94400.0,94400.0,1392800,0.0,0.0,0.0
645,2021-10-06,94400.0,94400.0,94400.0,94400.0,0,0.0,0.0,0.0
646,2021-10-07,94900.0,95000.0,94100.0,94300.0,1497000,0.0,0.0,0.0
647,2021-10-08,94300.0,94300.0,94300.0,94300.0,0,0.0,0.0,0.0
648,2021-10-11,94300.0,94300.0,94300.0,94300.0,0,0.0,0.0,0.0
649,2021-10-12,99200.0,99200.0,98500.0,99000.0,1125300,0.0,0.0,0.0
650,2021-10-13,99000.0,101500.0,98500.0,99400.0,3232500,0.0,0.0,0.0
651,2021-10-14,99400.0,99400.0,99400.0,99400.0,0,0.0,0.0,0.0
652,2021-10-15,99400.0,100100.0,98400.0,98900.0,1702500,0.0,0.0,0.0
653,2021-10-18,98900.0,98900.0,98900.0,98900.0,0,0.0,0.0,0.0
654,2021-10-19,99000.0,99500.0,98600.0,98600.0,1534300,0.0,0.0,0.0
655,2021-10-20,98700.0,99500.0,96600.0,97600.0,2248600,0.0,0.0,0.0
656,2021-10-21,98400.0,98500.0,96700.0,96700.0,2283600,0.0,0.0,0.0
657,2021-10-22,97000.0,97400.0,96100.0,96200.0,2023400,0.0,0.0,0.0
658,2021-10-25,96200.0,96200.0,96200.0,96200.0,0,0.0,0.0,0.0
659,2021-10-26,96200.0,96200.0,96200.0,96200.0,0,0.0,0.0,0.0
660,2021-10-27,96200.0,96200.0,96200.0,96200.0,0,0.0,0.0,0.0
661,2021-10-28,98200.0,98400.0,97200.0,98000.0,1644700,0.0,0.0,0.0
662,2021-10-29,98000.0,98000.0,96900.0,96900.0,2382700,0.0,0.0,0.0
663,2021-11-01,96900.0,96900.0,96900.0,96900.0,0,0.0,0.0,0.0
664,2021-11-02,95500.0,96100.0,95500.0,97000.0,2109100,0.0,0.0,0.0
665,2021-11-03,96200.0,96700.0,95200.0,96100.0,2680100,0.0,0.0,0.0
666,2021-11-04,96100.0,96800.0,95700.0,96000.0,1761300,0.0,0.0,0.0
667,2021-11-05,96200.0,97800.0,96000.0,97600.0,2169900,0.0,0.0,0.0
668,2021-11-08,97600.0,98500.0,97300.0,97400.0,1687900,0.0,0.0,0.0
669,2021-11-09,97500.0,97600.0,96000.0,96400.0,1845900,0.0,0.0,0.0
670,2021-11-10,96400.0,97000.0,95900.0,97000.0,1592400,0.0,0.0,0.0
671,2021-11-11,97000.0,98000.0,95800.0,96000.0,2122200,0.0,0.0,0.0
672,2021-11-12,96200.0,98200.0,95900.0,98000.0,2240300,0.0,0.0,0.0
673,2021-11-15,98500.0,98500.0,97300.0,97300.0,1908900,0.0,0.0,0.0
674,2021-11-16,97300.0,99500.0,96800.0,98300.0,3506200,0.0,0.0,0.0
675,2021-11-17,98300.0,98400.0,98000.0,98300.0,1186200,0.0,0.0,0.0
676,2021-11-18,98300.0,98700.0,96500.0,96500.0,2005000,0.0,0.0,0.0
677,2021-11-19,97500.0,97800.0,95100.0,95300.0,2481300,0.0,0.0,0.0
678,2021-11-22,95500.0,96000.0,95000.0,95000.0,1670100,0.0,0.0,0.0
679,2021-11-23,95000.0,96600.0,94900.0,96600.0,1150800,0.0,0.0,0.0
680,2021-11-24,96700.0,98400.0,96400.0,97900.0,2445600,0.0,0.0,0.0
681,2021-11-26,100100.0,100800.0,98800.0,98900.0,1996200,0.0,0.0,0.0
682,2021-11-29,97500.0,98900.0,97500.0,98100.0,1993000,0.0,0.0,0.0
683,2021-11-30,98100.0,98500.0,97000.0,97100.0,2563100,0.0,0.0,0.0
684,2021-12-01,97500.0,98600.0,96700.0,98200.0,1254900,0.0,0.0,0.0
685,2021-12-02,97600.0,98300.0,97200.0,97200.0,952900,0.0,0.0,0.0
686,2021-12-03,97800.0,97800.0,95500.0,95500.0,2009700,0.0,0.0,0.0
687,2021-12-06,95500.0,96500.0,94200.0,94500.0,2393800,0.0,0.0,0.0
688,2021-12-07,95000.0,96000.0,94500.0,96000.0,1451000,0.0,0.0,0.0
689,2021-12-08,96500.0,96500.0,95000.0,95600.0,1064800,0.0,0.0,0.0
690,2021-12-09,95100.0,97000.0,95100.0,97000.0,993100,0.0,0.0,0.0
691,2021-12-10,96400.0,97000.0,95400.0,95800.0,1160000,0.0,0.0,0.0
692,2021-12-13,96500.0,96500.0,95600.0,96000.0,900200,0.0,0.0,0.0
693,2021-12-14,96000.0,96400.0,95400.0,95700.0,1144500,0.0,0.0,0.0
694,2021-12-15,95700.0,96300.0,95600.0,95900.0,808400,0.0,0.0,0.0
695,2021-12-16,97500.0,97500.0,95500.0,95500.0,1245000,0.0,0.0,0.0
696,2021-12-17,95600.0,97000.0,95500.0,96400.0,1152100,0.0,0.0,0.0
697,2021-12-20,96500.0,96500.0,95500.0,95800.0,1019800,0.0,0.0,0.0
698,2021-12-21,95700.0,95900.0,95100.0,95200.0,1112300,0.0,0.0,0.0
699,2021-12-22,95000.0,95400.0,94600.0,95000.0,1670500,0.0,0.0,0.0
700,2021-12-23,95000.0,95000.0,93000.0,93200.0,1930300,0.0,0.0,0.0
701,2021-12-27,94200.0,95000.0,93300.0,94500.0,793700,0.0,0.0,0.0
702,2021-12-28,94500.0,94900.0,94100.0,94500.0,567300,0.0,0.0,0.0
703,2021-12-29,94800.0,94800.0,93600.0,93600.0,912200,0.0,0.0,0.0
704,2021-12-30,93700.0,94300.0,93500.0,93600.0,810800,0.0,0.0,0.0
705,2021-12-31,93800.0,94400.0,93000.0,93000.0,1607400,0.0,0.0,0.0
706,2022-01-04,93400.0,94200.0,93300.0,93500.0,1935000,0.0,0.0,0.0
707,2022-01-05,93700.0,94200.0,93500.0,93600.0,1193800,0.0,0.0,0.0
708,2022-01-06,93600.0,94000.0,93500.0,93500.0,1192400,0.0,0.0,0.0
709,2022-01-07,93100.0,93700.0,93100.0,93400.0,1016800,0.0,0.0,0.0
710,2022-01-10,93200.0,93500.0,91900.0,92000.0,1882400,0.0,0.0,0.0
711,2022-01-11,92000.0,92200.0,89100.0,89500.0,2509300,0.0,0.0,0.0
712,2022-01-12,89100.0,90600.0,88500.0,89600.0,1740700,0.0,0.0,0.0
713,2022-01-13,90900.0,92700.0,89800.0,92100.0,1811800,0.0,0.0,0.0
714,2022-01-14,91700.0,92100.0,90900.0,91300.0,686700,0.0,0.0,0.0
715,2022-01-18,88300.0,89600.0,88000.0,88100.0,1209900,0.0,0.0,0.0
716,2022-01-19,88100.0,89200.0,88000.0,88300.0,744900,0.0,0.0,0.0
717,2022-01-20,88400.0,91000.0,88300.0,88800.0,1334600,0.0,0.0,0.0
718,2022-01-21,89000.0,89800.0,88200.0,88200.0,841200,0.0,0.0,0.0
719,2022-01-24,88200.0,88500.0,85000.0,85300.0,2024200,0.0,0.0,0.0
720,2022-01-25,85200.0,87500.0,84000.0,86500.0,1192600,0.0,0.0,0.0
721,2022-01-26,87000.0,87000.0,85500.0,86000.0,913600,0.0,0.0,0.0
722,2022-01-27,86000.0,86700.0,85400.0,85900.0,719600,0.0,0.0,0.0
723,2022-01-28,86000.0,89500.0,85900.0,89500.0,1552300,0.0,0.0,0.0
724,2022-01-31,89500.0,89500.0,89500.0,89500.0,0,0.0,0.0,0.0
725,2022-02-07,90000.0,90100.0,89000.0,89500.0,518400,0.0,0.0,0.0
726,2022-02-08,89500.0,91800.0,89500.0,90600.0,845100,0.0,0.0,0.0
727,2022-02-09,91700.0,91700.0,90600.0,90700.0,1142700,0.0,0.0,0.0
728,2022-02-10,91400.0,92000.0,90200.0,92000.0,974900,0.0,0.0,0.0
729,2022-02-11,91800.0,92400.0,91400.0,91600.0,641600,0.0,0.0,0.0
730,2022-02-14,91000.0,91600.0,90400.0,91000.0,774100,0.0,0.0,0.0
731,2022-02-15,91000.0,91000.0,91000.0,91000.0,0,0.0,0.0,0.0
732,2022-02-16,91700.0,92500.0,91300.0,91300.0,614200,0.0,0.0,0.0
733,2022-02-17,91900.0,92800.0,91000.0,92800.0,853700,0.0,0.0,0.0
734,2022-02-18,92300.0,92500.0,91700.0,92200.0,618800,0.0,0.0,0.0
735,2022-02-22,93000.0,93300.0,92000.0,92900.0,1158200,0.0,0.0,0.0
736,2022-02-23,92600.0,93900.0,92600.0,93000.0,973800,0.0,0.0,0.0
737,2022-02-24,93000.0,93500.0,90000.0,92000.0,1349600,0.0,0.0,0.0
738,2022-02-25,92400.0,93400.0,92100.0,92300.0,1059900,0.0,0.0,0.0
739,2022-02-28,92300.0,93500.0,92300.0,93300.0,1504600,0.0,0.0,0.0
740,2022-03-01,94000.0,94000.0,92500.0,93400.0,1101900,0.0,0.0,0.0
741,2022-03-02,93000.0,93400.0,92700.0,93100.0,1088900,0.0,0.0,0.0
