,Date,Open,High,Low,Close,Volume,Dividends,Stock Splits
0,2019-03-12,91200.0,92600.0,90900.0,92300.0,864570,0.0,0.0
1,2019-03-13,92600.0,96000.0,92500.0,94000.0,1654850,0.0,0.0
2,2019-03-14,94300.0,94600.0,92800.0,94000.0,708190,0.0,0.0
3,2019-03-15,94000.0,94000.0,92500.0,93300.0,2496760,0.0,0.0
4,2019-03-18,94000.0,94900.0,94000.0,94300.0,1056390,0.0,0.0
5,2019-03-19,95000.0,95200.0,93500.0,94000.0,1100900,0.0,0.0
6,2019-03-20,93100.0,93400.0,91000.0,92200.0,1061950,0.0,0.0
7,2019-03-21,93000.0,93000.0,88200.0,88200.0,1009930,0.0,0.0
8,2019-03-22,89000.0,91200.0,88000.0,91100.0,957080,0.0,0.0
9,2019-03-25,89500.0,89500.0,87500.0,89000.0,793070,0.0,0.0
10,2019-03-26,90000.0,90700.0,89500.0,89900.0,617980,0.0,0.0
11,2019-03-27,91000.0,91000.0,89900.0,90100.0,389620,0.0,0.0
12,2019-03-28,90300.0,93300.0,90000.0,93100.0,894540,0.0,0.0
13,2019-03-29,94000.0,94300.0,91500.0,91500.0,1054060,0.0,0.0
14,2019-04-01,92400.0,93800.0,91800.0,92400.0,334480,0.0,0.0
15,2019-04-02,93400.0,93700.0,92000.0,92200.0,359690,0.0,0.0
16,2019-04-03,92200.0,92200.0,91100.0,92000.0,281350,0.0,0.0
17,2019-04-04,92700.0,92800.0,91300.0,92000.0,489550,0.0,0.0
18,2019-04-05,92500.0,93200.0,92100.0,92600.0,454260,0.0,0.0
19,2019-04-08,93000.0,94600.0,92700.0,94600.0,657320,0.0,0.0
20,2019-04-09,95000.0,96000.0,93000.0,93800.0,973210,0.0,0.0
21,2019-04-10,93800.0,93800.0,92300.0,92500.0,328400,0.0,0.0
22,2019-04-11,92800.0,93800.0,92200.0,93500.0,233360,0.0,0.0
23,2019-04-12,93400.0,93600.0,92000.0,93300.0,299590,0.0,0.0
24,2019-04-15,93300.0,93300.0,93300.0,93300.0,0,0.0,0.0
25,2019-04-16,90000.0,91900.0,87800.0,91000.0,913790,0.0,0.0
26,2019-04-17,91000.0,91900.0,89700.0,89800.0,761350,0.0,0.0
27,2019-04-18,89900.0,90500.0,88100.0,89000.0,609680,0.0,0.0
28,2019-04-22,89700.0,90000.0,88600.0,90000.0,211620,0.0,0.0
29,2019-04-23,89700.0,90000.0,88900.0,89000.0,494910,0.0,0.0
30,2019-04-24,89700.0,90200.0,89700.0,89700.0,629420,0.0,0.0
31,2019-04-25,89500.0,90200.0,89400.0,90200.0,680080,0.0,0.0
32,2019-04-26,90200.0,92000.0,89900.0,92000.0,1070350,0.0,0.0
33,2019-04-29,92000.0,92000.0,92000.0,92000.0,0,0.0,0.0
34,2019-04-30,92000.0,92000.0,92000.0,92000.0,0,0.0,0.0
35,2019-05-01,92000.0,92000.0,92000.0,92000.0,0,0.0,0.0
36,2019-05-02,92000.0,92300.0,90900.0,91400.0,452510,0.0,0.0
37,2019-05-03,91800.0,91800.0,90400.0,90400.0,621150,0.0,0.0
38,2019-05-06,90000.0,90000.0,88600.0,89000.0,522550,0.0,0.0
39,2019-05-07,89800.0,89800.0,87700.0,87900.0,576290,0.0,0.0
40,2019-05-08,87000.0,87300.0,85400.0,85600.0,894240,0.0,0.0
41,2019-05-09,85000.0,85600.0,83600.0,84500.0,983320,0.0,0.0
42,2019-05-10,85600.0,86000.0,83800.0,84000.0,980260,0.0,0.0
43,2019-05-13,83800.0,85200.0,83800.0,85000.0,691670,0.0,0.0
44,2019-05-14,84000.0,86000.0,84000.0,85000.0,1322520,0.0,0.0
45,2019-05-15,85200.0,86500.0,85200.0,86000.0,1134300,0.0,0.0
46,2019-05-16,86000.0,87100.0,85700.0,87000.0,953330,0.0,0.0
47,2019-05-17,87000.0,87000.0,86300.0,86700.0,791790,0.0,0.0
48,2019-05-20,86500.0,86800.0,85800.0,86800.0,638340,0.0,0.0
49,2019-05-21,87900.0,88100.0,86700.0,86700.0,1056700,0.0,0.0
50,2019-05-22,86200.0,87900.0,86200.0,86500.0,702510,0.0,0.0
51,2019-05-23,86600.0,86600.0,86100.0,86500.0,377180,0.0,0.0
52,2019-05-24,86700.0,86700.0,84500.0,84500.0,854870,0.0,0.0
53,2019-05-28,84400.0,84600.0,83500.0,83500.0,1436600,0.0,0.0
54,2019-05-29,84000.0,84200.0,83400.0,83600.0,921510,0.0,0.0
55,2019-05-30,83600.0,83800.0,82500.0,82600.0,930290,0.0,0.0
56,2019-05-31,83200.0,83200.0,81000.0,82000.0,720930,0.0,0.0
57,2019-06-03,82000.0,82000.0,79600.0,80600.0,527220,0.0,0.0
58,2019-06-04,80500.0,81000.0,78900.0,80600.0,557890,0.0,0.0
59,2019-06-05,81200.0,81500.0,80300.0,80600.0,452630,0.0,0.0
60,2019-06-06,80500.0,80800.0,78900.0,80300.0,582690,0.0,0.0
61,2019-06-07,80500.0,83000.0,79900.0,82200.0,572380,0.0,0.0
62,2019-06-10,83000.0,83000.0,81400.0,82000.0,596360,0.0,0.0
63,2019-06-11,82000.0,82000.0,81300.0,81900.0,375370,0.0,0.0
64,2019-06-12,81500.0,81500.0,79500.0,80000.0,893930,0.0,0.0
65,2019-06-13,79500.0,80000.0,76600.0,80000.0,2022580,0.0,0.0
66,2019-06-14,78800.0,79900.0,78600.0,79900.0,482820,0.0,0.0
67,2019-06-17,79900.0,79900.0,77600.0,78000.0,458320,0.0,0.0
68,2019-06-18,77800.0,78000.0,76300.0,78000.0,1640620,0.0,0.0
69,2019-06-19,78000.0,78300.0,77800.0,78100.0,729570,0.0,0.0
70,2019-06-20,78400.0,78900.0,78000.0,78400.0,1561250,0.0,0.0
71,2019-06-21,78600.0,79300.0,78500.0,78500.0,3742200,0.0,0.0
72,2019-06-24,78600.0,80400.0,78600.0,79500.0,1452270,0.0,0.0
73,2019-06-25,79800.0,80100.0,79500.0,79500.0,866490,0.0,0.0
74,2019-06-26,79300.0,79600.0,78700.0,79000.0,1174210,0.0,0.0
75,2019-06-27,79000.0,79000.0,77500.0,77500.0,815110,0.0,0.0
76,2019-06-28,76600.0,79500.0,76500.0,79300.0,928700,0.0,0.0
77,2019-07-01,79500.0,81000.0,79300.0,81000.0,1090570,0.0,0.0
78,2019-07-02,81000.0,81200.0,80000.0,81100.0,1087630,0.0,0.0
79,2019-07-03,80600.0,82000.0,80100.0,82000.0,1517660,0.0,0.0
80,2019-07-05,82000.0,82000.0,82000.0,82000.0,0,0.0,0.0
81,2019-07-08,82000.0,82000.0,82000.0,82000.0,0,0.0,0.0
82,2019-07-09,82000.0,82000.0,82000.0,82000.0,0,0.0,0.0
83,2019-07-10,82000.0,82000.0,82000.0,82000.0,0,0.0,0.0
84,2019-07-11,82000.0,82000.0,82000.0,82000.0,0,0.0,0.0
85,2019-07-12,82000.0,82000.0,82000.0,82000.0,0,0.0,0.0
86,2019-07-15,82000.0,82000.0,82000.0,82000.0,0,0.0,0.0
87,2019-07-16,82000.0,82000.0,82000.0,82000.0,0,0.0,0.0
88,2019-07-17,83900.0,85500.0,83900.0,84000.0,816530,0.0,0.0
89,2019-07-18,83000.0,84000.0,83000.0,84000.0,513470,0.0,0.0
90,2019-07-19,84000.0,85300.0,83400.0,84500.0,1028110,0.0,0.0
91,2019-07-22,84500.0,84600.0,83800.0,84600.0,471720,0.0,0.0
92,2019-07-23,84600.0,86000.0,84300.0,85800.0,826210,0.0,0.0
93,2019-07-24,86000.0,86700.0,85200.0,85800.0,542990,0.0,0.0
94,2019-07-25,85800.0,85800.0,85800.0,85800.0,0,0.0,0.0
95,2019-07-26,85800.0,85800.0,85800.0,85800.0,0,0.0,0.0
96,2019-07-29,85800.0,85800.0,85800.0,85800.0,0,0.0,0.0
97,2019-07-30,85800.0,85800.0,85800.0,85800.0,0,0.0,0.0
98,2019-07-31,85000.0,89200.0,85000.0,88200.0,991720,0.0,0.0
99,2019-08-01,89000.0,90800.0,88000.0,90500.0,913610,0.0,0.0
100,2019-08-02,88600.0,90200.0,88100.0,90200.0,627380,0.0,0.0
101,2019-08-05,89000.0,90000.0,85200.0,85200.0,902620,0.0,0.0
102,2019-08-06,85200.0,85200.0,85200.0,85200.0,0,0.0,0.0
103,2019-08-07,85000.0,85300.0,83300.0,84000.0,724520,0.0,0.0
104,2019-08-08,84000.0,85500.0,82700.0,84500.0,556040,0.0,0.0
105,2019-08-09,84500.0,84500.0,84500.0,84500.0,0,0.0,0.0
106,2019-08-12,83400.0,84300.0,83300.0,84200.0,229140,0.0,0.0
107,2019-08-13,84000.0,84000.0,82100.0,82900.0,723240,0.0,0.0
108,2019-08-14,83500.0,84400.0,83000.0,83000.0,487320,0.0,0.0
109,2019-08-15,82000.0,84000.0,81000.0,84000.0,368870,0.0,0.0
110,2019-08-16,84000.0,84000.0,84000.0,84000.0,0,0.0,0.0
111,2019-08-19,84000.0,84000.0,84000.0,84000.0,0,0.0,0.0
112,2019-08-20,84000.0,84000.0,84000.0,84000.0,0,0.0,0.0
113,2019-08-21,86600.0,88000.0,86400.0,87300.0,548090,0.0,0.0
114,2019-08-22,87500.0,87900.0,86800.0,87900.0,380330,0.0,0.0
115,2019-08-23,88000.0,88000.0,87000.0,87000.0,582580,0.0,0.0
116,2019-08-26,85000.0,86200.0,85000.0,85900.0,375290,0.0,0.0
117,2019-08-27,85900.0,87900.0,85900.0,86600.0,871250,0.0,0.0
118,2019-08-28,86000.0,87500.0,86000.0,86800.0,297410,0.0,0.0
119,2019-08-29,86800.0,87000.0,85300.0,86800.0,344570,0.0,0.0
120,2019-08-30,86800.0,86800.0,86800.0,86800.0,0,0.0,0.0
121,2019-09-03,87800.0,87900.0,87200.0,87600.0,243420,0.0,0.0
122,2019-09-04,87700.0,89200.0,87200.0,89000.0,862730,0.0,0.0
123,2019-09-05,89000.0,89600.0,88600.0,89000.0,429760,0.0,0.0
124,2019-09-06,89000.0,89000.0,88000.0,88800.0,243750,0.0,0.0
125,2019-09-09,88800.0,88800.0,87900.0,88400.0,336920,0.0,0.0
126,2019-09-10,88400.0,88500.0,87300.0,88000.0,317650,0.0,0.0
127,2019-09-11,87500.0,87800.0,85800.0,86300.0,549770,0.0,0.0
128,2019-09-12,87400.0,87400.0,86300.0,86900.0,289830,0.0,0.0
129,2019-09-13,87400.0,88000.0,86100.0,88000.0,361780,0.0,0.0
130,2019-09-16,87100.0,88900.0,87100.0,88500.0,563460,0.0,0.0
131,2019-09-17,88500.0,90500.0,88400.0,90300.0,921810,0.0,0.0
132,2019-09-18,90300.0,90500.0,89900.0,90400.0,437190,0.0,0.0
133,2019-09-19,90400.0,90400.0,88300.0,90300.0,506070,0.0,0.0
134,2019-09-20,90400.0,90400.0,89500.0,89600.0,1032290,0.0,0.0
135,2019-09-23,89600.0,89900.0,88800.0,89500.0,267270,0.0,0.0
136,2019-09-24,89500.0,89800.0,88900.0,89500.0,286560,0.0,0.0
137,2019-09-25,89100.0,89900.0,88700.0,89500.0,227170,0.0,0.0
138,2019-09-26,89500.0,89900.0,87500.0,88700.0,533860,0.0,0.0
139,2019-09-27,88700.0,89800.0,88300.0,89300.0,384950,0.0,0.0
140,2019-09-30,90000.0,90000.0,88900.0,89300.0,491120,0.0,0.0
141,2019-10-01,89500.0,89500.0,88700.0,89200.0,231930,0.0,0.0
142,2019-10-02,89200.0,89300.0,88500.0,89000.0,462090,0.0,0.0
143,2019-10-03,88500.0,89300.0,88000.0,89300.0,327140,0.0,0.0
144,2019-10-04,89500.0,89500.0,88400.0,89200.0,428530,0.0,0.0
145,2019-10-07,89000.0,89000.0,88200.0,89000.0,481420,0.0,0.0
146,2019-10-08,89000.0,89000.0,88100.0,88600.0,315010,0.0,0.0
147,2019-10-09,88600.0,88800.0,88100.0,88500.0,293220,0.0,0.0
148,2019-10-10,88600.0,88600.0,87600.0,88500.0,359140,0.0,0.0
149,2019-10-11,88600.0,88600.0,88000.0,88400.0,450000,0.0,0.0
150,2019-10-14,88400.0,88400.0,87500.0,87900.0,285650,0.0,0.0
151,2019-10-15,87500.0,87800.0,85800.0,86400.0,643130,0.0,0.0
152,2019-10-16,86400.0,86400.0,85300.0,86400.0,630230,0.0,0.0
153,2019-10-17,86300.0,88000.0,85300.0,86500.0,688380,0.0,0.0
154,2019-10-18,86500.0,87300.0,86200.0,87000.0,327740,0.0,0.0
155,2019-10-21,87000.0,87000.0,85600.0,86500.0,484630,0.0,0.0
156,2019-10-22,86500.0,86800.0,85900.0,86000.0,350630,0.0,0.0
157,2019-10-23,86000.0,86000.0,85000.0,85900.0,535550,0.0,0.0
158,2019-10-24,85700.0,86100.0,85200.0,86100.0,543560,0.0,0.0
159,2019-10-25,86000.0,86200.0,85400.0,86000.0,681140,0.0,0.0
160,2019-10-28,86000.0,86700.0,85500.0,86000.0,728480,0.0,0.0
161,2019-10-29,87000.0,88000.0,86900.0,87600.0,1014970,0.0,0.0
162,2019-10-30,88000.0,89100.0,87700.0,88800.0,737640,0.0,0.0
163,2019-10-31,88800.0,89800.0,88700.0,89000.0,1008560,0.0,0.0
164,2019-11-01,89400.0,95200.0,89200.0,95200.0,2594030,0.0,0.0
165,2019-11-04,95700.0,97500.0,94700.0,96000.0,1124510,0.0,0.0
166,2019-11-05,96000.0,98500.0,95800.0,97900.0,1836960,0.0,0.0
167,2019-11-06,97400.0,101000.0,97400.0,99400.0,1675310,0.0,0.0
168,2019-11-07,99100.0,102300.0,99100.0,99500.0,2081650,0.0,0.0
169,2019-11-08,99500.0,99900.0,98000.0,98500.0,1233370,0.0,0.0
170,2019-11-11,98400.0,99700.0,97900.0,98700.0,765160,0.0,0.0
171,2019-11-12,99000.0,99400.0,97500.0,97800.0,1380830,0.0,0.0
172,2019-11-13,97800.0,98200.0,96600.0,97100.0,1305680,0.0,0.0
173,2019-11-14,98300.0,99300.0,96200.0,96400.0,1480640,0.0,0.0
174,2019-11-15,97200.0,97400.0,96200.0,96300.0,1018490,0.0,0.0
175,2019-11-18,96500.0,96800.0,95700.0,96300.0,1168830,0.0,0.0
176,2019-11-19,96500.0,98400.0,95900.0,96500.0,2305620,0.0,0.0
177,2019-11-20,97200.0,97200.0,95200.0,96200.0,2010940,0.0,0.0
178,2019-11-21,96200.0,96400.0,95100.0,95300.0,3202820,0.0,0.0
179,2019-11-22,95900.0,95900.0,90300.0,93500.0,3791930,0.0,0.0
180,2019-11-25,92500.0,93900.0,91700.0,93200.0,2300820,0.0,0.0
181,2019-11-26,94000.0,94100.0,93300.0,93300.0,3284780,0.0,0.0
182,2019-11-27,93500.0,93500.0,92800.0,93000.0,2135110,0.0,0.0
183,2019-11-29,91600.0,92000.0,90800.0,91900.0,2839310,0.0,0.0
184,2019-12-02,92500.0,93000.0,91400.0,91900.0,4407620,0.0,0.0
185,2019-12-06,92000.0,92200.0,91600.0,92000.0,2525080,0.0,0.0
186,2019-12-09,92000.0,93000.0,91500.0,92000.0,625460,0.0,0.0
187,2019-12-10,92300.0,92300.0,88000.0,91500.0,1548550,0.0,0.0
188,2019-12-11,91300.0,91500.0,89400.0,91100.0,645660,0.0,0.0
189,2019-12-12,91100.0,91200.0,90000.0,91200.0,884980,0.0,0.0
190,2019-12-13,91200.0,91400.0,89100.0,89100.0,419210,0.0,0.0
191,2019-12-16,87600.0,88500.0,85600.0,86100.0,1437780,0.0,0.0
192,2019-12-17,86100.0,87000.0,84600.0,85500.0,859640,0.0,0.0
193,2019-12-18,84700.0,85500.0,83000.0,83900.0,1339840,0.0,0.0
194,2019-12-19,83800.0,85000.0,82500.0,83900.0,1047500,0.0,0.0
195,2019-12-20,84000.0,85600.0,84000.0,84200.0,1525190,0.0,0.0
196,2019-12-23,85000.0,85000.0,83600.0,83800.0,568720,0.0,0.0
197,2019-12-24,83300.0,83800.0,81800.0,83700.0,838840,0.0,0.0
198,2019-12-26,83700.0,84900.0,83200.0,84200.0,426570,0.0,0.0
199,2019-12-27,84200.0,84900.0,83400.0,84500.0,519680,0.0,0.0
200,2019-12-30,84400.0,86600.0,84400.0,85500.0,896520,0.0,0.0
201,2019-12-31,85500.0,85800.0,84500.0,84800.0,430660,0.0,0.0
202,2020-01-02,84500.0,85500.0,84500.0,84900.0,238600,0.0,0.0
203,2020-01-03,84900.0,85400.0,84600.0,85200.0,394470,0.0,0.0
204,2020-01-06,84600.0,85000.0,82800.0,83400.0,1025270,0.0,0.0
205,2020-01-07,83000.0,84800.0,83000.0,83800.0,590360,0.0,0.0
206,2020-01-08,83000.0,83500.0,81000.0,82500.0,553690,0.0,0.0
207,2020-01-09,83400.0,83700.0,82900.0,83300.0,421250,0.0,0.0
208,2020-01-10,83300.0,84900.0,82700.0,84500.0,699780,0.0,0.0
209,2020-01-13,84800.0,86800.0,84500.0,86300.0,882160,0.0,0.0
210,2020-01-14,86200.0,86800.0,86100.0,86300.0,361600,0.0,0.0
211,2020-01-15,86500.0,86500.0,85800.0,86300.0,420650,0.0,0.0
212,2020-01-16,86400.0,86400.0,85900.0,86100.0,441860,0.0,0.0
213,2020-01-17,86200.0,87900.0,86000.0,86000.0,552190,0.0,0.0
214,2020-01-21,86000.0,87500.0,86000.0,87500.0,653680,0.0,0.0
215,2020-01-22,87400.0,89500.0,87300.0,89400.0,673070,0.0,0.0
216,2020-01-23,89400.0,89400.0,89400.0,89400.0,0,0.0,0.0
217,2020-01-24,89400.0,89400.0,89400.0,89400.0,0,0.0,0.0
218,2020-01-27,89400.0,89400.0,89400.0,89400.0,0,0.0,0.0
219,2020-01-28,89400.0,89400.0,89400.0,89400.0,0,0.0,0.0
220,2020-01-29,89400.0,89400.0,89400.0,89400.0,0,0.0,0.0
221,2020-01-30,87200.0,87800.0,85800.0,87400.0,1414000,0.0,0.0
222,2020-01-31,87500.0,88500.0,87100.0,87500.0,1284370,0.0,0.0
223,2020-02-03,83200.0,85900.0,82000.0,85200.0,755310,0.0,0.0
224,2020-02-04,85200.0,86500.0,85000.0,85700.0,829790,0.0,0.0
225,2020-02-05,86800.0,86800.0,85400.0,86000.0,2410370,0.0,0.0
226,2020-02-06,86300.0,87000.0,86000.0,86800.0,484420,0.0,0.0
227,2020-02-07,86900.0,87800.0,86800.0,87000.0,587610,0.0,0.0
228,2020-02-10,86100.0,86700.0,85800.0,86200.0,373600,0.0,0.0
229,2020-02-11,86000.0,86400.0,85500.0,86200.0,602090,0.0,0.0
230,2020-02-12,86700.0,86700.0,86200.0,86500.0,395320,0.0,0.0
231,2020-02-13,86200.0,86400.0,85500.0,86000.0,421050,0.0,0.0
232,2020-02-14,85500.0,88600.0,85500.0,87600.0,481520,0.0,0.0
233,2020-02-18,86600.0,87000.0,85600.0,86000.0,323870,0.0,0.0
234,2020-02-19,85600.0,86500.0,85200.0,86000.0,514110,0.0,0.0
235,2020-02-20,86500.0,87300.0,85900.0,86900.0,271380,0.0,0.0
236,2020-02-21,86500.0,86900.0,86000.0,86100.0,184170,0.0,0.0
237,2020-02-24,83300.0,85100.0,83300.0,84000.0,619380,0.0,0.0
238,2020-02-25,82300.0,83800.0,81000.0,83100.0,410300,0.0,0.0
239,2020-02-26,83000.0,83000.0,80300.0,80900.0,651880,0.0,0.0
240,2020-02-27,79900.0,81000.0,79000.0,80800.0,1280250,0.0,0.0
241,2020-02-28,78500.0,80400.0,78500.0,80400.0,860760,0.0,0.0
242,2020-03-02,79100.0,80600.0,79000.0,80500.0,447980,0.0,0.0
243,2020-03-03,80500.0,81100.0,80200.0,80500.0,742520,0.0,0.0
244,2020-03-04,79100.0,80500.0,78900.0,80500.0,901070,0.0,0.0
245,2020-03-05,80100.0,81500.0,80100.0,81000.0,361110,0.0,0.0
246,2020-03-06,80000.0,80900.0,79000.0,80900.0,339740,0.0,0.0
247,2020-03-09,78600.0,78600.0,75300.0,75300.0,973190,0.0,0.0
248,2020-03-10,71000.0,76500.0,71000.0,76500.0,1050110,0.0,0.0
249,2020-03-11,76500.0,76800.0,71200.0,76500.0,932900,0.0,0.0
250,2020-03-12,75500.0,75500.0,71200.0,72000.0,1161120,0.0,0.0
251,2020-03-13,67000.0,72000.0,67000.0,72000.0,1337180,0.0,0.0
252,2020-03-16,71000.0,71800.0,67500.0,71800.0,968810,0.0,0.0
253,2020-03-17,67500.0,71400.0,67500.0,69900.0,1095460,0.0,0.0
254,2020-03-18,69700.0,70300.0,67500.0,69500.0,1707750,0.0,0.0
255,2020-03-19,67300.0,69300.0,65000.0,68500.0,1482170,0.0,0.0
256,2020-03-20,68500.0,68500.0,63800.0,63800.0,1351550,0.0,0.0
257,2020-03-23,60000.0,62000.0,59400.0,59400.0,198200,0.0,0.0
258,2020-03-24,55400.0,58400.0,55300.0,55300.0,2036510,0.0,0.0
259,2020-03-25,57000.0,59100.0,54000.0,59100.0,1832290,0.0,0.0
260,2020-03-26,59100.0,63000.0,57200.0,61000.0,2020820,0.0,0.0
261,2020-03-27,60000.0,61400.0,58500.0,60000.0,710770,0.0,0.0
262,2020-03-30,55800.0,57000.0,55800.0,55800.0,929820,0.0,0.0
263,2020-03-31,55800.0,57900.0,52000.0,55000.0,661010,0.0,0.0
264,2020-04-01,53200.0,57300.0,53200.0,54800.0,553900,0.0,0.0
265,2020-04-02,54800.0,54800.0,54800.0,54800.0,0,0.0,0.0
266,2020-04-03,56200.0,57700.0,55200.0,57700.0,940470,0.0,0.0
267,2020-04-06,60000.0,61700.0,58600.0,61700.0,534020,0.0,0.0
268,2020-04-07,65500.0,66000.0,62100.0,66000.0,902670,0.0,0.0
269,2020-04-08,64500.0,70000.0,64000.0,70000.0,950920,0.0,0.0
270,2020-04-09,70000.0,70900.0,68800.0,69000.0,854470,0.0,0.0
271,2020-04-13,68000.0,69500.0,67100.0,67300.0,449470,0.0,0.0
272,2020-04-14,68000.0,68900.0,66500.0,68000.0,642490,0.0,0.0
273,2020-04-15,68400.0,69000.0,67500.0,67800.0,533620,0.0,0.0
274,2020-04-16,67600.0,68200.0,66800.0,67500.0,670940,0.0,0.0
275,2020-04-17,67500.0,69200.0,67500.0,68500.0,734070,0.0,0.0
276,2020-04-20,69400.0,69400.0,68000.0,68500.0,512370,0.0,0.0
277,2020-04-21,68000.0,68300.0,66100.0,68000.0,1213590,0.0,0.0
278,2020-04-22,65200.0,68000.0,65200.0,65400.0,1303590,0.0,0.0
279,2020-04-23,67000.0,67400.0,65600.0,66600.0,1093030,0.0,0.0
280,2020-04-24,66600.0,66800.0,64300.0,65000.0,2147870,0.0,0.0
281,2020-04-27,65500.0,66900.0,64000.0,64500.0,1235530,0.0,0.0
282,2020-04-28,67000.0,68500.0,64500.0,64600.0,3631100,0.0,0.0
283,2020-04-29,64600.0,64600.0,64600.0,64600.0,0,0.0,0.0
284,2020-04-30,64600.0,64600.0,64600.0,64600.0,0,0.0,0.0
285,2020-05-01,64600.0,64600.0,64600.0,64600.0,0,0.0,0.0
286,2020-05-04,63600.0,64900.0,63600.0,64900.0,1577040,0.0,0.0
287,2020-05-05,64700.0,65500.0,63400.0,63600.0,2397120,0.0,0.0
288,2020-05-06,63600.0,67500.0,63400.0,67000.0,4286630,0.0,0.0
289,2020-05-07,67500.0,68000.0,66200.0,67600.0,1474450,0.0,0.0
290,2020-05-08,68000.0,72300.0,67800.0,70900.0,3635800,0.0,0.0
291,2020-05-11,71000.0,73900.0,70800.0,73500.0,2792640,0.0,0.0
292,2020-05-12,73300.0,73900.0,72000.0,73500.0,1769100,0.0,0.0
293,2020-05-13,72600.0,73000.0,70900.0,71400.0,3373310,0.0,0.0
294,2020-05-14,70900.0,71400.0,70400.0,70600.0,2268270,0.0,0.0
295,2020-05-15,70600.0,70600.0,70600.0,70600.0,0,0.0,0.0
296,2020-05-18,70600.0,70600.0,70600.0,70600.0,0,0.0,0.0
297,2020-05-19,73000.0,74700.0,72300.0,74700.0,3688710,0.0,0.0
298,2020-05-20,74700.0,74700.0,74700.0,74700.0,0,0.0,0.0
299,2020-05-21,77500.0,78500.0,76800.0,78000.0,2266430,0.0,0.0
300,2020-05-22,77000.0,77400.0,75600.0,76500.0,2154460,0.0,0.0
301,2020-05-26,77500.0,77900.0,76400.0,77900.0,2996560,0.0,0.0
302,2020-05-27,76500.0,77600.0,74600.0,74700.0,3769070,0.0,0.0
303,2020-05-28,74900.0,76000.0,74400.0,75000.0,4347270,0.0,0.0
304,2020-05-29,75600.0,77100.0,75500.0,76600.0,3942120,0.0,0.0
305,2020-06-01,77400.0,79500.0,77300.0,79100.0,3254070,0.0,0.0
306,2020-06-02,79100.0,79200.0,77700.0,77800.0,2635920,0.0,0.0
307,2020-06-03,78000.0,78300.0,77400.0,77900.0,2655470,0.0,0.0
308,2020-06-04,78000.0,78700.0,77000.0,77500.0,3127800,0.0,0.0
309,2020-06-05,77500.0,77500.0,77500.0,77500.0,0,0.0,0.0
310,2020-06-08,77500.0,77500.0,77500.0,77500.0,0,0.0,0.0
311,2020-06-09,77500.0,77500.0,77500.0,77500.0,0,0.0,0.0
312,2020-06-10,77600.0,77800.0,76900.0,77500.0,3218980,0.0,0.0
313,2020-06-11,77500.0,78600.0,76500.0,76500.0,5714800,0.0,0.0
314,2020-06-12,73500.0,75600.0,73500.0,75000.0,3152190,0.0,0.0
315,2020-06-15,75600.0,75700.0,70000.0,70000.0,3356780,0.0,0.0
316,2020-06-16,72800.0,74900.0,72100.0,74900.0,3077090,0.0,0.0
317,2020-06-17,76300.0,77600.0,75000.0,76000.0,2173040,0.0,0.0
318,2020-06-18,75600.0,76700.0,75400.0,76500.0,1636400,0.0,0.0
319,2020-06-19,76100.0,77200.0,76100.0,76500.0,1688070,0.0,0.0
320,2020-06-22,77300.0,78400.0,76900.0,78300.0,2797780,0.0,0.0
321,2020-06-23,78700.0,78700.0,76100.0,77700.0,2146280,0.0,0.0
322,2020-06-24,77700.0,78600.0,75500.0,75700.0,2004540,0.0,0.0
323,2020-06-25,74800.0,75900.0,74300.0,75500.0,1241690,0.0,0.0
324,2020-06-26,76000.0,76600.0,75000.0,75600.0,753970,0.0,0.0
325,2020-06-29,75000.0,75000.0,73200.0,74000.0,1068990,0.0,0.0
326,2020-06-30,75000.0,77000.0,74300.0,75500.0,2302620,0.0,0.0
327,2020-07-01,75300.0,77000.0,75300.0,76900.0,936450,0.0,0.0
328,2020-07-02,77000.0,77400.0,76400.0,76900.0,893400,0.0,0.0
329,2020-07-06,78300.0,81500.0,77400.0,80800.0,4330280,0.0,0.0
330,2020-07-07,81000.0,81900.0,80500.0,80800.0,1414070,0.0,0.0
331,2020-07-08,80300.0,81000.0,79800.0,80400.0,800360,0.0,0.0
332,2020-07-09,80800.0,81700.0,80300.0,80800.0,1220730,0.0,0.0
333,2020-07-10,80800.0,80800.0,80800.0,80800.0,0,0.0,0.0
334,2020-07-13,80100.0,80100.0,79100.0,79100.0,988800,0.0,0.0
335,2020-07-14,78800.0,81000.0,78500.0,80500.0,1461550,0.0,0.0
336,2020-07-15,80500.0,80500.0,80500.0,80500.0,0,0.0,0.0
337,2020-07-16,81100.0,81500.0,80300.0,81500.0,922350,0.0,0.0
338,2020-07-17,81500.0,81500.0,80400.0,80500.0,835720,0.0,0.0
339,2020-07-20,80500.0,81100.0,79000.0,79200.0,1361250,0.0,0.0
340,2020-07-21,79300.0,79500.0,77500.0,78800.0,2108040,0.0,0.0
341,2020-07-22,78800.0,79500.0,77000.0,77500.0,1707150,0.0,0.0
342,2020-07-23,77500.0,78800.0,77500.0,78800.0,882880,0.0,0.0
343,2020-07-24,78000.0,78800.0,74500.0,76000.0,2649390,0.0,0.0
344,2020-07-27,72000.0,74500.0,70900.0,70900.0,2662390,0.0,0.0
345,2020-07-28,71200.0,75800.0,71200.0,75800.0,2561800,0.0,0.0
346,2020-07-29,75300.0,75300.0,72600.0,74000.0,1809000,0.0,0.0
347,2020-07-30,74000.0,77200.0,74000.0,76600.0,1637120,0.0,0.0
348,2020-07-31,74600.0,77900.0,74600.0,77700.0,2417730,0.0,0.0
349,2020-08-03,77000.0,78800.0,76800.0,78500.0,1482350,0.0,0.0
350,2020-08-04,79500.0,79500.0,77800.0,79000.0,1382760,0.0,0.0
351,2020-08-05,79000.0,79700.0,77800.0,79600.0,1303680,0.0,0.0
352,2020-08-06,79000.0,79900.0,78600.0,79600.0,1072220,0.0,0.0
353,2020-08-07,79700.0,80000.0,78600.0,79600.0,1199110,0.0,0.0
354,2020-08-10,79800.0,80000.0,78900.0,79600.0,1688770,0.0,0.0
355,2020-08-11,79900.0,79900.0,78600.0,79400.0,905140,0.0,0.0
356,2020-08-12,79600.0,79600.0,78400.0,79400.0,1497320,0.0,0.0
357,2020-08-13,79500.0,79700.0,78700.0,79400.0,2025090,0.0,0.0
358,2020-08-14,78900.0,80900.0,78900.0,79700.0,1189750,0.0,0.0
359,2020-08-17,79000.0,79900.0,78400.0,79700.0,1107050,0.0,0.0
360,2020-08-18,79700.0,79700.0,78600.0,79600.0,1425980,0.0,0.0
361,2020-08-19,79500.0,80900.0,78900.0,80000.0,1155260,0.0,0.0
362,2020-08-20,80000.0,82200.0,79800.0,80000.0,2428430,0.0,0.0
363,2020-08-21,80000.0,80100.0,79500.0,79500.0,1074330,0.0,0.0
364,2020-08-24,80000.0,80600.0,79700.0,80000.0,1475240,0.0,0.0
365,2020-08-25,80000.0,80500.0,79600.0,79600.0,1907340,0.0,0.0
366,2020-08-26,79600.0,80300.0,79300.0,79500.0,2249680,0.0,0.0
367,2020-08-27,79400.0,79500.0,78200.0,78500.0,2357000,0.0,0.0
368,2020-08-28,79000.0,79100.0,78300.0,78600.0,1742840,0.0,0.0
369,2020-08-31,78500.0,79200.0,78200.0,78500.0,1682380,0.0,0.0
370,2020-09-01,78300.0,78900.0,77500.0,78700.0,1565620,0.0,0.0
371,2020-09-02,78700.0,78700.0,78700.0,78700.0,0,0.0,0.0
372,2020-09-03,79100.0,80600.0,78700.0,79600.0,2913590,0.0,0.0
373,2020-09-04,79200.0,80300.0,78800.0,80000.0,2171010,0.0,0.0
374,2020-09-08,79200.0,79600.0,78200.0,78500.0,1816120,0.0,0.0
375,2020-09-09,78000.0,78600.0,77500.0,78600.0,1956880,0.0,0.0
376,2020-09-10,79000.0,80600.0,77800.0,78100.0,4229990,0.0,0.0
377,2020-09-11,78100.0,78200.0,77500.0,77700.0,2344930,0.0,0.0
378,2020-09-14,77700.0,78300.0,77500.0,77500.0,1824670,0.0,0.0
379,2020-09-15,77900.0,77900.0,76500.0,76800.0,4717630,0.0,0.0
380,2020-09-16,76800.0,76800.0,76800.0,76800.0,0,0.0,0.0
381,2020-09-17,77200.0,77400.0,76600.0,76700.0,1809830,0.0,0.0
382,2020-09-18,77000.0,77200.0,76700.0,76900.0,1791160,0.0,0.0
383,2020-09-21,77100.0,77600.0,77100.0,77100.0,1677550,0.0,0.0
384,2020-09-22,77100.0,77200.0,76500.0,76800.0,1612500,0.0,0.0
385,2020-09-23,77000.0,77900.0,76900.0,77500.0,1398940,0.0,0.0
386,2020-09-24,77500.0,78400.0,77100.0,77100.0,1704250,0.0,0.0
387,2020-09-25,77100.0,77900.0,77000.0,77100.0,919900,0.0,0.0
388,2020-09-28,77300.0,77800.0,76600.0,76600.0,2015680,0.0,0.0
389,2020-09-29,76700.0,76900.0,75100.0,75300.0,3772160,0.0,0.0
390,2020-09-30,75300.0,76400.0,75100.0,75500.0,1677150,0.0,0.0
391,2020-10-01,76300.0,77200.0,76100.0,77100.0,1359510,0.0,0.0
392,2020-10-02,77000.0,77400.0,75000.0,75900.0,1730820,0.0,0.0
393,2020-10-05,76000.0,76900.0,75900.0,76000.0,1080840,0.0,0.0
394,2020-10-06,76000.0,76800.0,76000.0,76100.0,1505510,0.0,0.0
395,2020-10-07,76100.0,77400.0,76100.0,76800.0,2596060,0.0,0.0
396,2020-10-08,77000.0,77200.0,76300.0,76600.0,1043430,0.0,0.0
397,2020-10-09,76600.0,77400.0,76500.0,77000.0,1456580,0.0,0.0
398,2020-10-12,77200.0,79200.0,77000.0,77500.0,4265300,0.0,0.0
399,2020-10-13,77900.0,78600.0,77600.0,78100.0,1233860,0.0,0.0
400,2020-10-14,78400.0,78900.0,78100.0,78500.0,2030870,0.0,0.0
401,2020-10-15,78700.0,79100.0,77500.0,77500.0,2689830,0.0,0.0
402,2020-10-16,77900.0,77900.0,76900.0,77000.0,1811510,0.0,0.0
403,2020-10-19,76800.0,77000.0,76000.0,76100.0,2467450,0.0,0.0
404,2020-10-20,76100.0,76600.0,75800.0,76200.0,2257630,0.0,0.0
405,2020-10-21,76400.0,77700.0,76200.0,76400.0,1862630,0.0,0.0
406,2020-10-22,76500.0,77500.0,76200.0,77500.0,1591870,0.0,0.0
407,2020-10-23,78000.0,79900.0,77800.0,79500.0,5830890,0.0,0.0
408,2020-10-26,80500.0,81100.0,78500.0,78500.0,3668950,0.0,0.0
409,2020-10-27,79000.0,79200.0,77600.0,77600.0,2422480,0.0,0.0
410,2020-10-28,77200.0,77700.0,75600.0,75600.0,3139990,0.0,0.0
411,2020-10-29,75500.0,76700.0,75400.0,76200.0,2088330,0.0,0.0
412,2020-10-30,77000.0,77000.0,74900.0,76000.0,3013800,0.0,0.0
413,2020-11-02,76000.0,76300.0,75400.0,75900.0,1162890,0.0,0.0
414,2020-11-03,76200.0,76200.0,75500.0,75800.0,2067320,0.0,0.0
415,2020-11-04,76000.0,76500.0,75700.0,75900.0,1825770,0.0,0.0
416,2020-11-05,76000.0,76900.0,75700.0,75700.0,1779570,0.0,0.0
417,2020-11-06,75700.0,76000.0,75600.0,75700.0,1695290,0.0,0.0
418,2020-11-09,76000.0,78000.0,76000.0,78000.0,3746870,0.0,0.0
419,2020-11-10,78700.0,79000.0,77400.0,77400.0,3627750,0.0,0.0
420,2020-11-11,77900.0,78100.0,76600.0,76600.0,2717770,0.0,0.0
421,2020-11-12,76600.0,77500.0,76600.0,77200.0,1464300,0.0,0.0
422,2020-11-13,77200.0,78500.0,77200.0,78300.0,2425260,0.0,0.0
423,2020-11-16,78600.0,79200.0,76000.0,76600.0,4096110,0.0,0.0
424,2020-11-17,77000.0,78300.0,76700.0,78300.0,2250180,0.0,0.0
425,2020-11-18,78200.0,78200.0,77300.0,77300.0,2008090,0.0,0.0
426,2020-11-19,77500.0,78200.0,77200.0,77500.0,2451380,0.0,0.0
427,2020-11-20,78000.0,78800.0,77600.0,78500.0,2692820,0.0,0.0
428,2020-11-23,79400.0,80900.0,79300.0,80600.0,5107110,0.0,0.0
429,2020-11-24,81000.0,83800.0,80600.0,83800.0,5458900,0.0,0.0
430,2020-11-25,84000.0,85700.0,83400.0,83500.0,3544000,0.0,0.0
431,2020-11-27,82700.0,83500.0,82100.0,83000.0,2024240,0.0,0.0
432,2020-11-30,83500.0,84300.0,82200.0,82600.0,3533370,0.0,0.0
433,2020-12-01,81500.0,83300.0,81500.0,83300.0,2597660,0.0,0.0
434,2020-12-02,83200.0,85800.0,83200.0,85200.0,4703540,0.0,0.0
435,2020-12-03,85600.0,85600.0,84500.0,84900.0,1673260,0.0,0.0
436,2020-12-04,85000.0,85200.0,84100.0,84900.0,2190950,0.0,0.0
437,2020-12-07,84500.0,85100.0,83800.0,84700.0,1479390,0.0,0.0
438,2020-12-08,84900.0,85700.0,84300.0,84400.0,1532530,0.0,0.0
439,2020-12-09,84500.0,85300.0,84200.0,85000.0,2136700,0.0,0.0
440,2020-12-10,85400.0,85700.0,83600.0,83600.0,2406160,0.0,0.0
441,2020-12-11,83600.0,85000.0,83400.0,85000.0,2406180,0.0,0.0
442,2020-12-14,85400.0,87000.0,85000.0,87000.0,2974170,0.0,0.0
443,2020-12-15,86500.0,88100.0,85000.0,86000.0,4050090,0.0,0.0
444,2020-12-16,86000.0,86600.0,85500.0,86200.0,1812470,0.0,0.0
445,2020-12-17,86000.0,86000.0,84500.0,84700.0,4870320,0.0,0.0
446,2020-12-18,84700.0,86000.0,84600.0,85300.0,3038890,0.0,0.0
447,2020-12-21,85600.0,87300.0,85600.0,87100.0,3322250,0.0,0.0
448,2020-12-22,87200.0,87900.0,86400.0,86900.0,2163130,0.0,0.0
449,2020-12-23,87400.0,89000.0,86800.0,87400.0,3220800,0.0,0.0
450,2020-12-24,88000.0,88100.0,84500.0,86300.0,2687430,0.0,0.0
451,2020-12-28,88500.0,88600.0,86700.0,87700.0,1905670,0.0,0.0
452,2020-12-29,87700.0,90500.0,87100.0,90300.0,3451160,0.0,0.0
453,2020-12-30,90600.0,92000.0,90000.0,90200.0,2027680,0.0,0.0
454,2020-12-31,91200.0,91400.0,89500.0,89500.0,1272810,0.0,0.0
455,2021-01-04,91000.0,92900.0,89900.0,92000.0,307750,0.0,0.0
456,2021-01-05,91800.0,96000.0,91500.0,95600.0,285320,0.0,0.0
457,2021-01-06,96600.0,96600.0,94200.0,94800.0,283820,0.0,0.0
458,2021-01-07,94800.0,95100.0,93400.0,94800.0,292640,0.0,0.0
459,2021-01-08,95500.0,96800.0,95300.0,96400.0,218720,0.0,0.0
460,2021-01-11,98000.0,103100.0,97600.0,103100.0,451270,0.0,0.0
461,2021-01-12,104800.0,104900.0,103100.0,103400.0,286260,0.0,0.0
462,2021-01-13,104000.0,104100.0,99600.0,100900.0,297250,0.0,0.0
463,2021-01-14,100900.0,101200.0,98600.0,99600.0,327480,0.0,0.0
464,2021-01-15,100700.0,101600.0,99400.0,101600.0,207810,0.0,0.0
465,2021-01-19,100000.0,100700.0,94000.0,96800.0,355250,0.0,0.0
466,2021-01-20,97000.0,103000.0,94500.0,97500.0,345730,0.0,0.0
467,2021-01-21,98000.0,99400.0,97800.0,99000.0,301830,0.0,0.0
468,2021-01-22,99400.0,101000.0,98900.0,99300.0,226280,0.0,0.0
469,2021-01-25,99500.0,100100.0,98600.0,99500.0,214200,0.0,0.0
470,2021-01-26,99600.0,99700.0,95000.0,98000.0,210570,0.0,0.0
471,2021-01-27,96000.0,98200.0,91500.0,93900.0,331200,0.0,0.0
472,2021-01-28,87500.0,89700.0,87400.0,87400.0,319760,0.0,0.0
473,2021-01-29,84000.0,93500.0,84000.0,93500.0,546940,0.0,0.0
474,2021-02-01,93600.0,95000.0,88300.0,88300.0,263420,0.0,0.0
475,2021-02-02,89000.0,94400.0,88000.0,94400.0,275690,0.0,0.0
476,2021-02-03,94500.0,98900.0,94500.0,97200.0,336590,0.0,0.0
477,2021-02-04,97200.0,98900.0,95200.0,98400.0,249890,0.0,0.0
478,2021-02-05,98900.0,99600.0,98300.0,99300.0,224580,0.0,0.0
479,2021-02-08,99300.0,99400.0,92500.0,94700.0,480310,0.0,0.0
480,2021-02-09,95900.0,97300.0,93900.0,96800.0,266860,0.0,0.0
481,2021-02-10,96800.0,96800.0,96800.0,96800.0,0,0.0,0.0
482,2021-02-11,96800.0,96800.0,96800.0,96800.0,0,0.0,0.0
483,2021-02-12,96800.0,96800.0,96800.0,96800.0,0,0.0,0.0
484,2021-02-16,96800.0,96800.0,96800.0,96800.0,0,0.0,0.0
485,2021-02-17,98000.0,101200.0,97000.0,101000.0,370170,0.0,0.0
486,2021-02-18,101000.0,103200.0,100000.0,103200.0,449940,0.0,0.0
487,2021-02-19,102000.0,103400.0,101300.0,103100.0,191180,0.0,0.0
488,2021-02-22,103600.0,106200.0,103600.0,105800.0,439050,0.0,0.0
489,2021-02-23,105800.0,106400.0,104000.0,105300.0,203910,0.0,0.0
490,2021-02-24,105300.0,105300.0,105300.0,105300.0,0,0.0,0.0
491,2021-02-25,105300.0,105300.0,105300.0,105300.0,0,0.0,0.0
492,2021-02-26,101300.0,102800.0,100400.0,101600.0,238560,0.0,0.0
493,2021-03-01,102000.0,103400.0,101900.0,103000.0,230200,0.0,0.0
494,2021-03-02,104000.0,104500.0,101700.0,102800.0,246000,0.0,0.0
495,2021-03-03,102500.0,102500.0,101300.0,101500.0,214840,0.0,0.0
496,2021-03-04,101900.0,102000.0,98000.0,100000.0,271430,0.0,0.0
497,2021-03-05,98400.0,99500.0,98000.0,98400.0,286530,0.0,0.0
498,2021-03-08,99700.0,99800.0,96800.0,97200.0,304650,0.0,0.0
499,2021-03-09,97000.0,99300.0,95200.0,98200.0,219630,0.0,0.0
500,2021-03-10,99500.0,100300.0,98000.0,99900.0,240670,0.0,0.0
501,2021-03-11,101000.0,101400.0,98900.0,100000.0,172690,0.0,0.0
502,2021-03-12,100000.0,101200.0,99300.0,99900.0,173340,0.0,0.0
503,2021-03-15,99900.0,100000.0,98500.0,99800.0,228840,0.0,0.0
504,2021-03-16,99600.0,99800.0,98100.0,99500.0,131750,0.0,0.0
505,2021-03-17,98800.0,99700.0,98100.0,99300.0,200740,0.0,0.0
506,2021-03-18,99500.0,99900.0,98000.0,99700.0,137480,0.0,0.0
507,2021-03-19,99000.0,99300.0,97800.0,97800.0,274720,0.0,0.0
508,2021-03-22,98700.0,99500.0,98000.0,99300.0,157670,0.0,0.0
509,2021-03-23,98600.0,99200.0,98000.0,98700.0,131990,0.0,0.0
510,2021-03-24,97600.0,98000.0,96000.0,97200.0,210330,0.0,0.0
511,2021-03-25,97200.0,97700.0,95000.0,96700.0,240400,0.0,0.0
512,2021-03-26,96500.0,96700.0,94100.0,95700.0,226580,0.0,0.0
513,2021-03-29,96000.0,96500.0,95100.0,96200.0,144600,0.0,0.0
514,2021-03-30,96200.0,97900.0,95900.0,96300.0,290130,0.0,0.0
515,2021-03-31,96500.0,98400.0,96500.0,97300.0,189750,0.0,0.0
516,2021-04-01,97500.0,99500.0,97100.0,99000.0,257870,0.0,0.0
517,2021-04-05,105000.0,105000.0,101000.0,101700.0,265320,0.0,0.0
518,2021-04-06,101700.0,103000.0,101300.0,101700.0,210260,0.0,0.0
519,2021-04-07,100700.0,101400.0,99500.0,100500.0,248530,0.0,0.0
520,2021-04-08,100500.0,100500.0,99700.0,99700.0,158490,0.0,0.0
521,2021-04-09,99200.0,99200.0,98000.0,98900.0,211110,0.0,0.0
522,2021-04-12,99500.0,102000.0,99300.0,101800.0,326990,0.0,0.0
523,2021-04-13,102900.0,105000.0,101800.0,102500.0,401680,0.0,0.0
524,2021-04-14,98500.0,100500.0,97900.0,100500.0,816900,0.0,0.0
525,2021-04-15,101800.0,104500.0,100700.0,101200.0,797230,0.0,0.0
526,2021-04-16,101200.0,104500.0,98000.0,101000.0,659310,0.0,0.0
527,2021-04-19,103000.0,104500.0,101300.0,104500.0,910490,0.0,0.0
528,2021-04-20,107300.0,111800.0,106600.0,108600.0,1526600,0.0,0.0
529,2021-04-21,108600.0,108600.0,108600.0,108600.0,0,0.0,0.0
530,2021-04-22,109000.0,112400.0,103100.0,103100.0,664790,0.0,0.0
531,2021-04-23,103600.0,105000.0,102000.0,105000.0,882320,0.0,0.0
532,2021-04-26,105000.0,105000.0,99600.0,99600.0,898260,0.0,0.0
533,2021-04-27,99600.0,101100.0,98200.0,100000.0,397980,0.0,0.0
534,2021-04-28,100000.0,102900.0,100000.0,100900.0,575690,0.0,0.0
535,2021-04-29,101400.0,101500.0,99000.0,99300.0,537430,0.0,0.0
536,2021-04-30,99300.0,99300.0,99300.0,99300.0,0,0.0,0.0
537,2021-05-03,99300.0,99300.0,99300.0,99300.0,0,0.0,0.0
538,2021-05-04,98000.0,99500.0,96100.0,99200.0,438850,0.0,0.0
539,2021-05-05,99200.0,101200.0,99200.0,99600.0,285060,0.0,0.0
540,2021-05-06,99600.0,101000.0,98700.0,98700.0,279360,0.0,0.0
541,2021-05-07,98500.0,99500.0,97000.0,97100.0,511420,0.0,0.0
542,2021-05-10,96100.0,99800.0,96100.0,99100.0,393370,0.0,0.0
543,2021-05-11,99900.0,99900.0,98000.0,98000.0,314260,0.0,0.0
544,2021-05-12,97500.0,98300.0,96800.0,97700.0,351030,0.0,0.0
545,2021-05-13,97200.0,98300.0,96900.0,97000.0,256060,0.0,0.0
546,2021-05-14,97000.0,98500.0,96900.0,97200.0,299050,0.0,0.0
547,2021-05-17,99500.0,103500.0,99300.0,100800.0,591300,0.0,0.0
548,2021-05-18,101600.0,102000.0,98900.0,98900.0,345570,0.0,0.0
549,2021-05-19,99000.0,100700.0,98500.0,100400.0,287100,0.0,0.0
550,2021-05-20,100400.0,102000.0,99200.0,102000.0,392310,0.0,0.0
551,2021-05-21,101500.0,104200.0,100500.0,103900.0,607580,0.0,0.0
552,2021-05-24,103900.0,103900.0,103900.0,103900.0,0,0.0,0.0
553,2021-05-25,105200.0,105900.0,104200.0,104600.0,286510,0.0,0.0
554,2021-05-26,104600.0,107200.0,103800.0,105700.0,467910,0.0,0.0
555,2021-05-27,106000.0,107500.0,98700.0,104400.0,453070,0.0,0.0
556,2021-05-28,105000.0,105500.0,103200.0,104600.0,323770,0.0,0.0
557,2021-06-01,102000.0,105700.0,101300.0,104000.0,386910,0.0,0.0
558,2021-06-02,103500.0,105500.0,103000.0,104400.0,266410,0.0,0.0
559,2021-06-03,104600.0,106000.0,104600.0,105400.0,504490,0.0,0.0
560,2021-06-04,107000.0,107300.0,103800.0,104500.0,363520,0.0,0.0
561,2021-06-07,104500.0,106800.0,104500.0,106000.0,4249400,0.0,0.0
562,2021-06-08,106000.0,106000.0,106000.0,106000.0,0,0.0,0.0
563,2021-06-09,106000.0,106800.0,104500.0,106100.0,3322600,0.0,0.0
564,2021-06-10,105500.0,107000.0,104000.0,104100.0,3369400,0.0,0.0
565,2021-06-11,104000.0,106400.0,103800.0,106000.0,3884300,0.0,0.0
566,2021-06-14,107100.0,110900.0,107100.0,109900.0,7532600,0.0,0.0
567,2021-06-15,112000.0,113100.0,111100.0,112600.0,5394500,0.0,0.0
568,2021-06-16,112000.0,113000.0,109100.0,110000.0,4021200,0.0,0.0
569,2021-06-17,108500.0,110000.0,108100.0,109000.0,3866300,0.0,0.0
570,2021-06-18,110000.0,116000.0,108800.0,112500.0,4789800,0.0,0.0
571,2021-06-21,111900.0,113000.0,111000.0,112000.0,3350800,0.0,0.0
572,2021-06-22,111900.0,112300.0,111500.0,111500.0,2497800,0.0,0.0
573,2021-06-23,112000.0,112000.0,108900.0,111300.0,3874800,0.0,0.0
574,2021-06-24,110900.0,115000.0,110000.0,112100.0,3936900,0.0,0.0
575,2021-06-25,112900.0,113500.0,111600.0,112100.0,2846300,0.0,0.0
576,2021-06-28,113000.0,115500.0,112400.0,115500.0,7156600,0.0,0.0
577,2021-06-29,116000.0,119400.0,115800.0,118600.0,5907600,0.0,0.0
578,2021-06-30,119000.0,120400.0,117300.0,118000.0,5135400,0.0,0.0
579,2021-07-01,117100.0,118500.0,116800.0,117200.0,3700200,0.0,0.0
580,2021-07-02,117200.0,119200.0,116500.0,118000.0,3152400,0.0,0.0
581,2021-07-06,118000.0,118000.0,118000.0,118000.0,0,0.0,0.0
582,2021-07-07,118000.0,118000.0,118000.0,118000.0,0,0.0,0.0
583,2021-07-08,118000.0,118000.0,118000.0,118000.0,0,0.0,0.0
584,2021-07-09,113700.0,115900.0,111500.0,112500.0,3902100,0.0,0.0
585,2021-07-12,112500.0,112500.0,112500.0,112500.0,0,0.0,0.0
586,2021-07-13,109900.0,109900.0,106000.0,109500.0,2562500,0.0,0.0
587,2021-07-14,109500.0,109500.0,109500.0,109500.0,0,0.0,0.0
588,2021-07-15,108500.0,110600.0,108500.0,110300.0,4555800,0.0,0.0
589,2021-07-16,110300.0,110300.0,110300.0,110300.0,0,0.0,0.0
590,2021-07-19,106900.0,107700.0,103300.0,104300.0,3189800,0.0,0.0
591,2021-07-20,105600.0,106600.0,103000.0,106600.0,4045600,0.0,0.0
592,2021-07-21,107500.0,108800.0,106600.0,108000.0,3042000,0.0,0.0
593,2021-07-22,108000.0,111000.0,107000.0,111000.0,3402500,0.0,0.0
594,2021-07-23,110000.0,111500.0,107600.0,107600.0,2635200,0.0,0.0
595,2021-07-26,107500.0,110600.0,107200.0,109600.0,2753500,0.0,0.0
596,2021-07-27,110700.0,110800.0,107600.0,107800.0,5342500,0.0,0.0
597,2021-07-28,107100.0,107700.0,105600.0,106500.0,4909500,0.0,0.0
598,2021-07-29,109000.0,109300.0,106500.0,107900.0,3954600,0.0,0.0
599,2021-07-30,108000.0,108800.0,107000.0,108300.0,4731600,0.0,0.0
600,2021-08-02,108300.0,108300.0,108300.0,108300.0,0,0.0,0.0
601,2021-08-03,107800.0,112200.0,107800.0,110900.0,9951300,0.0,0.0
602,2021-08-04,110900.0,110900.0,110900.0,110900.0,0,0.0,0.0
603,2021-08-05,110400.0,111700.0,109900.0,111700.0,5258200,0.0,0.0
604,2021-08-06,112000.0,114500.0,111800.0,113900.0,11226500,0.0,0.0
605,2021-08-09,113900.0,117400.0,113500.0,117400.0,6329000,0.0,0.0
606,2021-08-10,117400.0,117400.0,117400.0,117400.0,0,0.0,0.0
607,2021-08-11,117000.0,117700.0,115400.0,116000.0,8250600,0.0,0.0
608,2021-08-12,115800.0,117300.0,115200.0,117000.0,5228900,0.0,0.0
609,2021-08-13,118000.0,120700.0,117200.0,120000.0,10159600,0.0,0.0
610,2021-08-16,121900.0,121900.0,114600.0,116000.0,18686700,0.0,0.0
611,2021-08-17,116000.0,116000.0,116000.0,116000.0,0,0.0,0.0
612,2021-08-18,110000.0,113500.0,107900.0,110000.0,23516400,0.0,0.0
613,2021-08-19,110000.0,111400.0,109000.0,111000.0,18153200,0.0,0.0
614,2021-08-20,111000.0,111000.0,107800.0,108100.0,20500700,0.0,0.0
615,2021-08-23,107500.0,109000.0,107200.0,107200.0,15955500,0.0,0.0
616,2021-08-24,107500.0,108100.0,106500.0,107300.0,20691400,0.0,0.0
617,2021-08-25,107500.0,107900.0,106800.0,107000.0,16184100,0.0,0.0
618,2021-08-26,107000.0,107400.0,105000.0,106600.0,13182400,0.0,0.0
619,2021-08-27,106000.0,106900.0,105000.0,106900.0,9953900,0.0,0.0
620,2021-08-30,107100.0,107700.0,106600.0,106900.0,8782700,0.0,0.0
621,2021-08-31,107000.0,107100.0,106200.0,106400.0,10567000,0.0,0.0
622,2021-09-01,83384.6015625,84000.0,82000.0,82307.703125,28570360,0.0,0.0
623,2021-09-02,82307.703125,82307.703125,82307.703125,82307.703125,0,0.0,0.0
624,2021-09-03,82307.703125,82307.703125,82307.703125,82307.703125,0,0.0,0.0
625,2021-09-07,83846.203125,85384.6015625,83461.5,84307.703125,15078570,0.0,0.0
626,2021-09-08,84307.703125,84307.703125,84307.703125,84307.703125,0,0.0,0.0
627,2021-09-09,82692.296875,83769.203125,82384.6015625,82846.203125,12902500,0.0,0.0
628,2021-09-10,83076.8984375,83769.203125,82692.296875,82692.296875,19751030,0.0,0.0
629,2021-09-13,83076.8984375,83153.796875,82153.796875,82307.703125,12768080,0.0,0.0
630,2021-09-14,82307.703125,83384.6015625,82076.8984375,82307.703125,18532878,0.0,0.0
631,2021-09-15,82300.0,83500.0,80700.0,81900.0,9287400,0.0,0.0
632,2021-09-16,82000.0,82500.0,80000.0,80100.0,7925100,0.0,0.0
633,2021-09-17,80100.0,81500.0,79600.0,81200.0,6873600,0.0,0.0
634,2021-09-20,80800.0,81100.0,79900.0,79900.0,5456900,0.0,0.0
635,2021-09-21,79900.0,79900.0,79900.0,79900.0,0,0.0,0.0
636,2021-09-22,79900.0,79900.0,79900.0,79900.0,0,0.0,0.0
637,2021-09-23,78100.0,79500.0,78000.0,79300.0,4687300,0.0,0.0
638,2021-09-24,79300.0,80300.0,79300.0,79600.0,457730000,0.0,0.0
639,2021-09-27,79600.0,79600.0,78200.0,78200.0,5151700,0.0,0.0
640,2021-09-28,77500.0,79400.0,77400.0,78500.0,5298500,0.0,0.0
641,2021-09-29,78500.0,78900.0,77700.0,78200.0,2992100,0.0,0.0
642,2021-09-30,78500.0,79400.0,78200.0,78300.0,3151100,0.0,0.0
643,2021-10-01,78300.0,78300.0,77000.0,77000.0,4115400,0.0,0.0
644,2021-10-04,77000.0,78200.0,76200.0,78000.0,410460000,0.0,0.0
645,2021-10-05,77800.0,79600.0,77500.0,79400.0,4573100,0.0,0.0
646,2021-10-06,79400.0,79400.0,79400.0,79400.0,0,0.0,0.0
647,2021-10-07,80600.0,80800.0,79700.0,80000.0,2556200,0.0,0.0
648,2021-10-08,79800.0,80800.0,79700.0,79900.0,3466200,0.0,0.0
649,2021-10-11,79900.0,79900.0,79900.0,79900.0,0,0.0,0.0
650,2021-10-12,81000.0,81600.0,80400.0,80900.0,8096900,0.0,0.0
651,2021-10-13,81000.0,81000.0,79900.0,80000.0,5259700,0.0,0.0
652,2021-10-14,80000.0,80000.0,80000.0,80000.0,0,0.0,0.0
653,2021-10-15,78900.0,79500.0,78100.0,78700.0,5269100,0.0,0.0
654,2021-10-18,78700.0,78700.0,78700.0,78700.0,0,0.0,0.0
655,2021-10-19,78900.0,79800.0,78500.0,79400.0,5568400,0.0,0.0
656,2021-10-20,79600.0,79600.0,78200.0,78800.0,5507700,0.0,0.0
657,2021-10-21,78800.0,78900.0,77900.0,77900.0,5861900,0.0,0.0
658,2021-10-22,78200.0,78900.0,78000.0,78000.0,4153100,0.0,0.0
659,2021-10-25,78000.0,78000.0,78000.0,78000.0,0,0.0,0.0
660,2021-10-26,78900.0,79300.0,78500.0,78700.0,2940100,0.0,0.0
661,2021-10-27,78900.0,81200.0,78900.0,81000.0,8780700,0.0,0.0
662,2021-10-28,81300.0,81500.0,80500.0,81000.0,5310000,0.0,0.0
663,2021-10-29,81200.0,85500.0,81200.0,85500.0,15578000,0.0,0.0
664,2021-11-01,85500.0,85500.0,85500.0,85500.0,0,0.0,0.0
665,2021-11-02,84400.0,85000.0,84300.0,85200.0,5784000,0.0,0.0
666,2021-11-03,85100.0,85500.0,82600.0,82900.0,1123050000,0.0,0.0
667,2021-11-04,82500.0,83500.0,81800.0,82700.0,8241100,0.0,0.0
668,2021-11-05,82200.0,82800.0,81600.0,82000.0,8244100,0.0,0.0
669,2021-11-08,82500.0,83000.0,81500.0,82400.0,8203200,0.0,0.0
670,2021-11-09,82500.0,84500.0,82000.0,83000.0,8139200,0.0,0.0
671,2021-11-10,83400.0,83500.0,82600.0,82600.0,4154800,0.0,0.0
672,2021-11-11,82700.0,82800.0,81400.0,81500.0,9431300,0.0,0.0
673,2021-11-12,81600.0,82000.0,80800.0,82000.0,5317400,0.0,0.0
674,2021-11-15,82500.0,84400.0,82100.0,84000.0,9673200,0.0,0.0
675,2021-11-16,84000.0,84300.0,82700.0,83000.0,6114200,0.0,0.0
676,2021-11-17,83000.0,84000.0,82800.0,83500.0,5259600,0.0,0.0
677,2021-11-18,83500.0,83900.0,82400.0,82800.0,6316700,0.0,0.0
678,2021-11-19,82900.0,83100.0,80000.0,80500.0,7517600,0.0,0.0
679,2021-11-22,81200.0,81500.0,79700.0,81000.0,6326700,0.0,0.0
680,2021-11-23,81000.0,82500.0,80700.0,82500.0,3583700,0.0,0.0
681,2021-11-24,82700.0,83700.0,81800.0,83700.0,7322400,0.0,0.0
682,2021-11-26,83900.0,84900.0,83200.0,83300.0,8576100,0.0,0.0
683,2021-11-29,81600.0,84800.0,81600.0,84800.0,11265700,0.0,0.0
684,2021-11-30,85500.0,85500.0,83000.0,84600.0,8501600,0.0,0.0
685,2021-12-01,84200.0,84500.0,82800.0,82900.0,6787500,0.0,0.0
686,2021-12-02,83200.0,83400.0,82300.0,82300.0,4813200,0.0,0.0
687,2021-12-03,82600.0,83100.0,80200.0,80200.0,5699400,0.0,0.0
688,2021-12-06,80900.0,81100.0,79400.0,79700.0,6641800,0.0,0.0
689,2021-12-07,80600.0,81800.0,80200.0,81600.0,4522700,0.0,0.0
690,2021-12-08,81700.0,81800.0,80900.0,81000.0,3810100,0.0,0.0
691,2021-12-09,81100.0,81800.0,80600.0,81600.0,2766400,0.0,0.0
692,2021-12-10,81300.0,81600.0,80600.0,80900.0,4327100,0.0,0.0
693,2021-12-13,81000.0,83500.0,80900.0,82100.0,6503000,0.0,0.0
694,2021-12-14,82500.0,83000.0,81900.0,82100.0,3082100,0.0,0.0
695,2021-12-15,82200.0,82900.0,81600.0,82600.0,3589800,0.0,0.0
696,2021-12-16,82800.0,82800.0,81700.0,82300.0,3290500,0.0,0.0
697,2021-12-17,82400.0,86000.0,82400.0,84500.0,25185800,0.0,0.0
698,2021-12-20,85200.0,85200.0,83300.0,83500.0,4652600,0.0,0.0
699,2021-12-21,83500.0,86800.0,83500.0,86000.0,16016300,0.0,0.0
700,2021-12-22,86800.0,87500.0,85200.0,85700.0,8928800,0.0,0.0
701,2021-12-23,85900.0,86100.0,82500.0,82500.0,8897300,0.0,0.0
702,2021-12-27,83100.0,83500.0,81500.0,82800.0,4999700,0.0,0.0
703,2021-12-28,83000.0,84200.0,82600.0,82800.0,4469100,0.0,0.0
704,2021-12-29,82900.0,83500.0,81700.0,81700.0,5229300,0.0,0.0
705,2021-12-30,82400.0,82400.0,81600.0,81600.0,5845500,0.0,0.0
706,2021-12-31,82000.0,82300.0,81600.0,82000.0,4633900,0.0,0.0
707,2022-01-04,82700.0,85400.0,82500.0,85100.0,10190100,0.0,0.0
708,2022-01-05,85100.0,85900.0,84000.0,84000.0,7373100,0.0,0.0
709,2022-01-06,84000.0,86000.0,84000.0,85300.0,10551700,0.0,0.0
710,2022-01-07,85500.0,86400.0,84300.0,85400.0,8240800,0.0,0.0
711,2022-01-10,85500.0,87400.0,84600.0,85400.0,9915000,0.0,0.0
712,2022-01-11,85500.0,85700.0,83000.0,83600.0,6135600,0.0,0.0
713,2022-01-12,83000.0,84400.0,81400.0,83600.0,6533800,0.0,0.0
714,2022-01-13,84000.0,84300.0,82000.0,82200.0,6683500,0.0,0.0
715,2022-01-14,82000.0,82800.0,81600.0,82200.0,3589700,0.0,0.0
716,2022-01-18,79200.0,80000.0,76100.0,77000.0,8073900,0.0,0.0
717,2022-01-19,77000.0,78300.0,77000.0,77600.0,3344400,0.0,0.0
718,2022-01-20,77600.0,79600.0,77400.0,78600.0,3627700,0.0,0.0
719,2022-01-21,79400.0,79500.0,77700.0,79400.0,5040100,0.0,0.0
720,2022-01-24,78700.0,79000.0,76200.0,76200.0,5605300,0.0,0.0
721,2022-01-25,76500.0,81000.0,75700.0,81000.0,5762000,0.0,0.0
722,2022-01-26,81000.0,81200.0,80000.0,81200.0,3922600,0.0,0.0
723,2022-01-27,81200.0,81800.0,79700.0,81000.0,4446800,0.0,0.0
724,2022-01-28,80400.0,81200.0,80200.0,80300.0,3900100,0.0,0.0
725,2022-01-31,80300.0,80300.0,80300.0,80300.0,0,0.0,0.0
726,2022-02-07,81600.0,83000.0,81200.0,82200.0,4868100,0.0,0.0
727,2022-02-08,82500.0,82500.0,81000.0,81200.0,3101900,0.0,0.0
728,2022-02-09,81200.0,84000.0,81200.0,81500.0,4706300,0.0,0.0
729,2022-02-10,81800.0,81800.0,79600.0,80100.0,5872800,0.0,0.0
730,2022-02-11,80000.0,80500.0,79500.0,79700.0,3480800,0.0,0.0
731,2022-02-14,79000.0,79500.0,78100.0,78100.0,5093500,0.0,0.0
732,2022-02-15,78100.0,78100.0,78100.0,78100.0,0,0.0,0.0
733,2022-02-16,80300.0,80500.0,79700.0,80000.0,2334400,0.0,0.0
734,2022-02-17,80000.0,80800.0,79700.0,80800.0,2803200,0.0,0.0
735,2022-02-18,80000.0,80300.0,79600.0,79700.0,3373300,0.0,0.0
736,2022-02-22,79300.0,79500.0,78400.0,79300.0,5146700,0.0,0.0
737,2022-02-23,79800.0,80300.0,79300.0,79400.0,2850000,0.0,0.0
738,2022-02-24,79300.0,79500.0,77100.0,78600.0,5284300,0.0,0.0
739,2022-02-25,79000.0,79300.0,78300.0,78300.0,2693300,0.0,0.0
740,2022-02-28,78300.0,78600.0,77500.0,77500.0,2837300,0.0,0.0
741,2022-03-01,77500.0,78200.0,77500.0,78000.0,2459200,0.0,0.0
742,2022-03-02,77700.0,78000.0,77000.0,77500.0,3397800,0.0,0.0
